{"queryCost": 120, "latitude": 38.92959, "longitude": -95.677242, "resolvedAddress": "38.92959,-95.677242", "address": "38.92959,-95.677242", "timezone": "America/Chicago", "tzoffset": -6.0, "days": [{"datetime": "2023-01-10", "datetimeEpoch": 1673330400, "tempmax": 13.9, "tempmin": -3.9, "temp": 4.3, "feelslikemax": 13.9, "feelslikemin": -6.1, "feelslike": 3.3, "dew": -1.9, "humidity": 67.7, "precip": 0.0, "precipprob": 0.0, "precipcover": 0.0, "preciptype": null, "snow": 0.0, "snowdepth": 0.0, "windgust": 18.4, "windspeed": 16.5, "winddir": 134.0, "pressure": 1011.3, "cloudcover": 0.0, "visibility": 16.0, "solarradiation": 69.7, "solarenergy": 6.0, "uvindex": 3.0, "severerisk": 10.0, "sunrise": "07:41:22", "sunriseEpoch": 1673358082, "sunset": "17:19:25", "sunsetEpoch": 1673392765, "moonphase": 0.55, "conditions": "Clear", "description": "Clear conditions throughout the day.", "icon": "clear-day", "stations": ["72456513920", "KFOE", "72450803997", "F7360", "KTOP", "72456013996", "KLWC"], "source": "obs", "hours": [{"datetime": "00:00:00", "datetimeEpoch": 1673330400, "temp": 3.3, "feelslike": -0.5, "humidity": 72.54, "dew": -1.2, "precip": 0.0, "precipprob": 0.0, "snow": 0.0, "snowdepth": 0.0, "preciptype": null, "windgust": 13.0, "windspeed": 16.2, "winddir": 281.0, "pressure": 1014.6, "visibility": 16.0, "cloudcover": 0.0, "solarradiation": 0.0, "solarenergy": null, "uvindex": 0.0, "severerisk": 10.0, "conditions": "Clear", "icon": "clear-night", "stations": ["72456513920", "KFOE", "72450803997", "KTOP", "72456013996", "KLWC"], "source": "obs"}, {"datetime": "01:00:00", "datetimeEpoch": 1673334000, "temp": 0.0, "feelslike": -1.7, "humidity": 81.58, "dew": -2.8, "precip": 0.0, "precipprob": 0.0, "snow": 0.0, "snowdepth": 0.0, "preciptype": null, "windgust": 9.4, "windspeed": 5.3, "winddir": 212.0, "pressure": 1014.0, "visibility": 16.0, "cloudcover": 0.0, "solarradiation": 0.0, "solarenergy": null, "uvindex": 0.0, "severerisk": 10.0, "conditions": "Clear", "icon": "clear-night", "stations": ["72456513920", "KFOE", "72450803997", "KTOP", "72456013996", "KLWC"], "source": "obs"}, {"datetime": "02:00:00", "datetimeEpoch": 1673337600, "temp": -0.7, "feelslike": -3.9, "humidity": 82.37, "dew": -3.3, "precip": 0.0, "precipprob": 0.0, "snow": 0.0, "snowdepth": 0.0, "preciptype": null, "windgust": 7.6, "windspeed": 9.1, "winddir": 242.0, "pressure": 1014.0, "visibility": 16.0, "cloudcover": 0.0, "solarradiation": 0.0, "solarenergy": null, "uvindex": 0.0, "severerisk": 10.0, "conditions": "Clear", "icon": "clear-night", "stations": ["72456513920", "KFOE", "72450803997", "KTOP", "72456013996", "KLWC"], "source": "obs"}, {"datetime": "03:00:00", "datetimeEpoch": 1673341200, "temp": -0.7, "feelslike": -5.1, "humidity": 85.41, "dew": -2.8, "precip": 0.0, "precipprob": 0.0, "snow": 0.0, "snowdepth": 0.0, "preciptype": null, "windgust": 5.4, "windspeed": 14.4, "winddir": 232.0, "pressure": 1014.0, "visibility": 16.0, "cloudcover": 0.0, "solarradiation": 0.0, "solarenergy": null, "uvindex": 0.0, "severerisk": 10.0, "conditions": "Clear", "icon": "clear-night", "stations": ["72456513920", "KFOE", "72450803997", "KTOP", "72456013996", "KLWC"], "source": "obs"}, {"datetime": "04:00:00", "datetimeEpoch": 1673344800, "temp": -0.1, "feelslike": -0.1, "humidity": 81.72, "dew": -2.9, "precip": 0.0, "precipprob": 0.0, "snow": 0.0, "snowdepth": 0.0, "preciptype": null, "windgust": 14.8, "windspeed": 0.0, "winddir": 0.0, "pressure": 1013.8, "visibility": 15.9, "cloudcover": 0.0, "solarradiation": 0.0, "solarenergy": null, "uvindex": 0.0, "severerisk": 10.0, "conditions": "Clear", "icon": "clear-night", "stations": ["72456513920", "KFOE", "72450803997", "KTOP", "72456013996", "KLWC"], "source": "obs"}, {"datetime": "05:00:00", "datetimeEpoch": 1673348400, "temp": -1.2, "feelslike": -1.2, "humidity": 85.42, "dew": -3.3, "precip": 0.0, "precipprob": 0.0, "snow": 0.0, "snowdepth": 0.0, "preciptype": null, "windgust": 13.0, "windspeed": 0.2, "winddir": 357.0, "pressure": 1013.8, "visibility": 16.0, "cloudcover": 0.0, "solarradiation": 0.0, "solarenergy": null, "uvindex": 0.0, "severerisk": 10.0, "conditions": "Clear", "icon": "clear-night", "stations": ["72456513920", "KFOE", "72450803997", "KTOP", "72456013996", "KLWC"], "source": "obs"}, {"datetime": "06:00:00", "datetimeEpoch": 1673352000, "temp": -1.6, "feelslike": -1.6, "humidity": 88.38, "dew": -3.3, "precip": 0.0, "precipprob": 0.0, "snow": 0.0, "snowdepth": 0.0, "preciptype": null, "windgust": 16.6, "windspeed": 0.0, "winddir": 360.0, "pressure": 1013.8, "visibility": 16.0, "cloudcover": 0.0, "solarradiation": 0.0, "solarenergy": null, "uvindex": 0.0, "severerisk": 10.0, "conditions": "Clear", "icon": "clear-night", "stations": ["72456513920", "KFOE", "72450803997", "KTOP", "72456013996", "KLWC"], "source": "obs"}, {"datetime": "07:00:00", "datetimeEpoch": 1673355600, "temp": -3.2, "feelslike": -3.2, "humidity": 92.16, "dew": -4.3, "precip": 0.0, "precipprob": 0.0, "snow": 0.0, "snowdepth": 0.0, "preciptype": null, "windgust": 11.2, "windspeed": 0.1, "winddir": 355.0, "pressure": 1014.1, "visibility": 16.0, "cloudcover": 0.0, "solarradiation": 0.0, "solarenergy": null, "uvindex": 0.0, "severerisk": 10.0, "conditions": "Clear", "icon": "clear-night", "stations": ["72456513920", "KFOE", "72450803997", "KTOP", "72456013996", "KLWC"], "source": "obs"}, {"datetime": "08:00:00", "datetimeEpoch": 1673359200, "temp": -3.9, "feelslike": -6.1, "humidity": 91.58, "dew": -5.0, "precip": 0.0, "precipprob": 0.0, "snow": 0.0, "snowdepth": 0.0, "preciptype": null, "windgust": 7.6, "windspeed": 5.3, "winddir": 138.0, "pressure": 1013.9, "visibility": 16.0, "cloudcover": 0.0, "solarradiation": 25.0, "solarenergy": 0.1, "uvindex": 0.0, "severerisk": 10.0, "conditions": "Clear", "icon": "clear-day", "stations": ["72456513920", "KFOE", "72450803997", "F7360", "KTOP", "72456013996", "KLWC"], "source": "obs"}, {"datetime": "09:00:00", "datetimeEpoch": 1673362800, "temp": -0.6, "feelslike": -0.6, "humidity": 89.48, "dew": -2.1, "precip": 0.0, "precipprob": 0.0, "snow": 0.0, "snowdepth": 0.0, "preciptype": null, "windgust": 7.6, "windspeed": 0.2, "winddir": 3.0, "pressure": 1013.2, "visibility": 16.0, "cloudcover": 0.0, "solarradiation": 92.0, "solarenergy": 0.3, "uvindex": 1.0, "severerisk": 10.0, "conditions": "Clear", "icon": "clear-day", "stations": ["72456513920", "KFOE", "72450803997", "F7360", "KTOP", "72456013996", "KLWC"], "source": "obs"}, {"datetime": "10:00:00", "datetimeEpoch": 1673366400, "temp": 2.9, "feelslike": 1.5, "humidity": 74.98, "dew": -1.1, "precip": 0.0, "precipprob": 0.0, "snow": 0.0, "snowdepth": 0.0, "preciptype": null, "windgust": 7.6, "windspeed": 5.3, "winddir": 158.0, "pressure": 1013.5, "visibility": 16.0, "cloudcover": 0.0, "solarradiation": 197.0, "solarenergy": 0.7, "uvindex": 2.0, "severerisk": 10.0, "conditions": "Clear", "icon": "clear-day", "stations": ["72456513920", "KFOE", "72450803997", "F7360", "KTOP", "72456013996", "KLWC"], "source": "obs"}, {"datetime": "11:00:00", "datetimeEpoch": 1673370000, "temp": 7.8, "feelslike": 5.9, "humidity": 55.04, "dew": -0.6, "precip": 0.0, "precipprob": 0.0, "snow": 0.0, "snowdepth": 0.0, "preciptype": null, "windgust": 14.8, "windspeed": 11.0, "winddir": 148.0, "pressure": 1012.9, "visibility": 16.0, "cloudcover": 0.0, "solarradiation": 321.0, "solarenergy": 1.2, "uvindex": 3.0, "severerisk": 10.0, "conditions": "Clear", "icon": "clear-day", "stations": ["72456513920", "KFOE", "72450803997", "F7360", "KTOP", "72456013996", "KLWC"], "source": "obs"}, {"datetime": "12:00:00", "datetimeEpoch": 1673373600, "temp": 10.6, "feelslike": 10.6, "humidity": 45.55, "dew": -0.6, "precip": 0.0, "precipprob": 0.0, "snow": 0.0, "snowdepth": 0.0, "preciptype": null, "windgust": 16.6, "windspeed": 12.9, "winddir": 130.0, "pressure": 1011.6, "visibility": 16.0, "cloudcover": 0.0, "solarradiation": 313.0, "solarenergy": 1.1, "uvindex": 3.0, "severerisk": 10.0, "conditions": "Clear", "icon": "clear-day", "stations": ["72456513920", "KFOE", "72450803997", "F7360", "KLWC"], "source": "obs"}, {"datetime": "13:00:00", "datetimeEpoch": 1673377200, "temp": 12.2, "feelslike": 12.2, "humidity": 39.58, "dew": -1.1, "precip": 0.0, "precipprob": 0.0, "snow": 0.0, "snowdepth": 0.0, "preciptype": null, "windgust": 18.4, "windspeed": 16.4, "winddir": 110.0, "pressure": 1010.1, "visibility": 16.0, "cloudcover": 0.0, "solarradiation": 278.0, "solarenergy": 1.0, "uvindex": 3.0, "severerisk": 10.0, "conditions": "Clear", "icon": "clear-day", "stations": ["72456513920", "KFOE", "72450803997", "F7360", "KTOP", "72456013996", "KLWC"], "source": "obs"}, {"datetime": "14:00:00", "datetimeEpoch": 1673380800, "temp": 13.4, "feelslike": 13.4, "humidity": 35.36, "dew": -1.7, "precip": 0.0, "precipprob": 0.0, "snow": 0.0, "snowdepth": 0.0, "preciptype": null, "windgust": 16.6, "windspeed": 11.2, "winddir": 111.0, "pressure": 1009.0, "visibility": 16.0, "cloudcover": 0.0, "solarradiation": 211.0, "solarenergy": 0.8, "uvindex": 2.0, "severerisk": 10.0, "conditions": "Clear", "icon": "clear-day", "stations": ["72456513920", "KFOE", "72450803997", "F7360", "KTOP", "72456013996", "KLWC"], "source": "obs"}, {"datetime": "15:00:00", "datetimeEpoch": 1673384400, "temp": 13.9, "feelslike": 13.9, "humidity": 35.67, "dew": -1.1, "precip": 0.0, "precipprob": 0.0, "snow": 0.0, "snowdepth": 0.0, "preciptype": null, "windgust": 16.6, "windspeed": 16.5, "winddir": 110.0, "pressure": 1008.0, "visibility": 16.0, "cloudcover": 0.0, "solarradiation": 170.0, "solarenergy": 0.6, "uvindex": 2.0, "severerisk": 10.0, "conditions": "Clear", "icon": "clear-day", "stations": ["72456513920", "KFOE", "72450803997", "F7360", "KTOP", "72456013996", "KLWC"], "source": "obs"}, {"datetime": "16:00:00", "datetimeEpoch": 1673388000, "temp": 13.3, "feelslike": 13.3, "humidity": 35.47, "dew": -1.6, "precip": 0.0, "precipprob": 0.0, "snow": 0.0, "snowdepth": 0.0, "preciptype": null, "windgust": 13.0, "windspeed": 13.0, "winddir": 109.0, "pressure": 1007.5, "visibility": 16.0, "cloudcover": 0.0, "solarradiation": 58.0, "solarenergy": 0.2, "uvindex": 1.0, "severerisk": 10.0, "conditions": "Clear", "icon": "clear-day", "stations": ["72456513920", "KFOE", "72450803997", "F7360", "KTOP", "72456013996", "KLWC"], "source": "obs"}, {"datetime": "17:00:00", "datetimeEpoch": 1673391600, "temp": 10.6, "feelslike": 10.6, "humidity": 43.86, "dew": -1.2, "precip": 0.0, "precipprob": 0.0, "snow": 0.0, "snowdepth": 0.0, "preciptype": null, "windgust": 11.2, "windspeed": 9.4, "winddir": 110.0, "pressure": 1007.9, "visibility": 16.0, "cloudcover": 0.0, "solarradiation": 6.0, "solarenergy": 0.0, "uvindex": 0.0, "severerisk": 10.0, "conditions": "Clear", "icon": "clear-day", "stations": ["72456513920", "KFOE", "72450803997", "F7360", "KTOP", "72456013996", "KLWC"], "source": "obs"}, {"datetime": "18:00:00", "datetimeEpoch": 1673395200, "temp": 9.3, "feelslike": 8.9, "humidity": 47.84, "dew": -1.2, "precip": 0.0, "precipprob": 0.0, "snow": 0.0, "snowdepth": 0.0, "preciptype": null, "windgust": 9.4, "windspeed": 5.5, "winddir": 71.0, "pressure": 1008.5, "visibility": 16.0, "cloudcover": 0.0, "solarradiation": 1.0, "solarenergy": 0.0, "uvindex": 0.0, "severerisk": 10.0, "conditions": "Clear", "icon": "clear-night", "stations": ["72456513920", "KFOE", "72450803997", "F7360", "KTOP", "72456013996", "KLWC"], "source": "obs"}, {"datetime": "19:00:00", "datetimeEpoch": 1673398800, "temp": 6.7, "feelslike": 6.7, "humidity": 57.12, "dew": -1.2, "precip": 0.0, "precipprob": 0.0, "snow": 0.0, "snowdepth": 0.0, "preciptype": null, "windgust": 7.6, "windspeed": 0.1, "winddir": 5.0, "pressure": 1009.0, "visibility": 16.0, "cloudcover": 0.0, "solarradiation": 0.0, "solarenergy": null, "uvindex": 0.0, "severerisk": 10.0, "conditions": "Clear", "icon": "clear-night", "stations": ["72456513920", "KFOE", "72450803997", "KTOP", "72456013996", "KLWC"], "source": "obs"}, {"datetime": "20:00:00", "datetimeEpoch": 1673402400, "temp": 3.9, "feelslike": 2.7, "humidity": 69.61, "dew": -1.2, "precip": 0.0, "precipprob": 0.0, "snow": 0.0, "snowdepth": 0.0, "preciptype": null, "windgust": 5.4, "windspeed": 5.3, "winddir": 79.0, "pressure": 1009.0, "visibility": 16.0, "cloudcover": 0.0, "solarradiation": 0.0, "solarenergy": null, "uvindex": 0.0, "severerisk": 10.0, "conditions": "Clear", "icon": "clear-night", "stations": ["72456513920", "KFOE", "72450803997", "KTOP", "72456013996", "KLWC"], "source": "obs"}, {"datetime": "21:00:00", "datetimeEpoch": 1673406000, "temp": 3.3, "feelslike": 3.3, "humidity": 74.88, "dew": -0.7, "precip": 0.0, "precipprob": 0.0, "snow": 0.0, "snowdepth": 0.0, "preciptype": null, "windgust": 5.4, "windspeed": 0.0, "winddir": 360.0, "pressure": 1008.3, "visibility": 16.0, "cloudcover": 0.0, "solarradiation": 0.0, "solarenergy": null, "uvindex": 0.0, "severerisk": 10.0, "conditions": "Clear", "icon": "clear-night", "stations": ["72456513920", "KFOE", "72450803997", "KTOP", "72456013996", "KLWC"], "source": "obs"}, {"datetime": "22:00:00", "datetimeEpoch": 1673409600, "temp": 1.7, "feelslike": 0.2, "humidity": 81.06, "dew": -1.2, "precip": 0.0, "precipprob": 0.0, "snow": 0.0, "snowdepth": 0.0, "preciptype": null, "windgust": 3.6, "windspeed": 5.5, "winddir": 340.0, "pressure": 1008.1, "visibility": 16.0, "cloudcover": 0.0, "solarradiation": 0.0, "solarenergy": null, "uvindex": 0.0, "severerisk": 10.0, "conditions": "Clear", "icon": "clear-night", "stations": ["72456513920", "KFOE", "72450803997", "KTOP", "72456013996", "KLWC"], "source": "obs"}, {"datetime": "23:00:00", "datetimeEpoch": 1673413200, "temp": 2.2, "feelslike": 0.0, "humidity": 78.41, "dew": -1.2, "precip": 0.0, "precipprob": 0.0, "snow": 0.0, "snowdepth": 0.0, "preciptype": null, "windgust": 3.6, "windspeed": 7.4, "winddir": 330.0, "pressure": 1008.6, "visibility": 16.0, "cloudcover": 0.0, "solarradiation": 0.0, "solarenergy": null, "uvindex": 0.0, "severerisk": 10.0, "conditions": "Clear", "icon": "clear-night", "stations": ["72456513920", "KFOE", "72450803997", "KTOP", "72456013996", "KLWC"], "source": "obs"}]}, {"datetime": "2023-01-11", "datetimeEpoch": 1673416800, "tempmax": 10.0, "tempmin": -2.8, "temp": 3.5, "feelslikemax": 10.0, "feelslikemin": -5.8, "feelslike": 1.5, "dew": -1.2, "humidity": 73.3, "precip": 0.007, "precipprob": 100.0, "precipcover": 4.17, "preciptype": ["rain"], "snow": 0.0, "snowdepth": 0.0, "windgust": 55.4, "windspeed": 38.4, "winddir": 0.4, "pressure": 1008.4, "cloudcover": 16.7, "visibility": 15.5, "solarradiation": 53.2, "solarenergy": 4.4, "uvindex": 3.0, "severerisk": 10.0, "sunrise": "07:41:10", "sunriseEpoch": 1673444470, "sunset": "17:20:25", "sunsetEpoch": 1673479225, "moonphase": 0.59, "conditions": "Rain", "description": "Clear conditions throughout the day with late afternoon rain.", "icon": "rain", "stations": ["72456513920", "KFOE", "72450803997", "F7360", "KTOP", "72456013996", "KLWC"], "source": "obs", "hours": [{"datetime": "00:00:00", "datetimeEpoch": 1673416800, "temp": 1.7, "feelslike": 0.2, "humidity": 81.33, "dew": -1.2, "precip": 0.0, "precipprob": 0.0, "snow": 0.0, "snowdepth": 0.0, "preciptype": null, "windgust": 5.4, "windspeed": 5.3, "winddir": 321.0, "pressure": 1007.6, "visibility": 16.0, "cloudcover": 0.0, "solarradiation": 0.0, "solarenergy": null, "uvindex": 0.0, "severerisk": 10.0, "conditions": "Clear", "icon": "clear-night", "stations": ["72456513920", "KFOE", "72450803997", "KTOP", "72456013996", "KLWC"], "source": "obs"}, {"datetime": "01:00:00", "datetimeEpoch": 1673420400, "temp": -0.6, "feelslike": -0.6, "humidity": 89.3, "dew": -2.2, "precip": 0.0, "precipprob": 0.0, "snow": 0.0, "snowdepth": 0.0, "preciptype": null, "windgust": 5.4, "windspeed": 0.0, "winddir": 0.0, "pressure": 1007.1, "visibility": 16.0, "cloudcover": 0.0, "solarradiation": 0.0, "solarenergy": null, "uvindex": 0.0, "severerisk": 10.0, "conditions": "Clear", "icon": "clear-night", "stations": ["72456513920", "KFOE", "72450803997", "KTOP", "72456013996", "KLWC"], "source": "obs"}, {"datetime": "02:00:00", "datetimeEpoch": 1673424000, "temp": -1.1, "feelslike": -1.1, "humidity": 88.42, "dew": -2.8, "precip": 0.0, "precipprob": 0.0, "snow": 0.0, "snowdepth": 0.0, "preciptype": null, "windgust": 7.6, "windspeed": 0.0, "winddir": 0.0, "pressure": 1007.3, "visibility": 16.0, "cloudcover": 0.0, "solarradiation": 0.0, "solarenergy": null, "uvindex": 0.0, "severerisk": 10.0, "conditions": "Clear", "icon": "clear-night", "stations": ["72456513920", "KFOE", "72450803997", "KTOP", "72456013996", "KLWC"], "source": "obs"}, {"datetime": "03:00:00", "datetimeEpoch": 1673427600, "temp": -1.6, "feelslike": -5.0, "humidity": 91.63, "dew": -2.8, "precip": 0.0, "precipprob": 0.0, "snow": 0.0, "snowdepth": 0.0, "preciptype": null, "windgust": 7.6, "windspeed": 9.2, "winddir": 330.0, "pressure": 1007.7, "visibility": 13.1, "cloudcover": 0.0, "solarradiation": 0.0, "solarenergy": null, "uvindex": 0.0, "severerisk": 10.0, "conditions": "Clear", "icon": "clear-night", "stations": ["72456513920", "KFOE", "72450803997", "KTOP", "72456013996", "KLWC"], "source": "obs"}, {"datetime": "04:00:00", "datetimeEpoch": 1673431200, "temp": 0.6, "feelslike": -1.0, "humidity": 81.7, "dew": -2.2, "precip": 0.0, "precipprob": 0.0, "snow": 0.0, "snowdepth": 0.0, "preciptype": null, "windgust": 7.6, "windspeed": 5.3, "winddir": 330.0, "pressure": 1007.4, "visibility": 16.0, "cloudcover": 0.0, "solarradiation": 0.0, "solarenergy": null, "uvindex": 0.0, "severerisk": 10.0, "conditions": "Clear", "icon": "clear-night", "stations": ["72456513920", "KFOE", "72450803997", "KTOP", "72456013996", "KLWC"], "source": "obs"}, {"datetime": "05:00:00", "datetimeEpoch": 1673434800, "temp": -1.6, "feelslike": -3.6, "humidity": 91.62, "dew": -2.8, "precip": 0.0, "precipprob": 0.0, "snow": 0.0, "snowdepth": 0.0, "preciptype": null, "windgust": 7.6, "windspeed": 5.4, "winddir": 290.0, "pressure": 1007.9, "visibility": 16.0, "cloudcover": 0.0, "solarradiation": 0.0, "solarenergy": null, "uvindex": 0.0, "severerisk": 10.0, "conditions": "Clear", "icon": "clear-night", "stations": ["72456513920", "KFOE", "72450803997", "KTOP", "72456013996", "KLWC"], "source": "obs"}, {"datetime": "06:00:00", "datetimeEpoch": 1673438400, "temp": -2.8, "feelslike": -5.8, "humidity": 92.27, "dew": -3.9, "precip": 0.0, "precipprob": 0.0, "snow": 0.0, "snowdepth": 0.0, "preciptype": null, "windgust": 7.6, "windspeed": 7.4, "winddir": 192.0, "pressure": 1008.4, "visibility": 16.0, "cloudcover": 0.0, "solarradiation": 0.0, "solarenergy": null, "uvindex": 0.0, "severerisk": 10.0, "conditions": "Clear", "icon": "clear-night", "stations": ["72456513920", "KFOE", "72450803997", "KTOP", "72456013996", "KLWC"], "source": "obs"}, {"datetime": "07:00:00", "datetimeEpoch": 1673442000, "temp": -2.7, "feelslike": -4.9, "humidity": 88.85, "dew": -4.3, "precip": 0.0, "precipprob": 0.0, "snow": 0.0, "snowdepth": 0.0, "preciptype": null, "windgust": 7.6, "windspeed": 5.5, "winddir": 339.0, "pressure": 1008.7, "visibility": 16.0, "cloudcover": 0.0, "solarradiation": 0.0, "solarenergy": null, "uvindex": 0.0, "severerisk": 10.0, "conditions": "Clear", "icon": "clear-night", "stations": ["72456513920", "KFOE", "72450803997", "KTOP", "72456013996", "KLWC"], "source": "obs"}, {"datetime": "08:00:00", "datetimeEpoch": 1673445600, "temp": -1.6, "feelslike": -1.6, "humidity": 88.38, "dew": -3.3, "precip": 0.0, "precipprob": 0.0, "snow": 0.0, "snowdepth": 0.0, "preciptype": null, "windgust": 5.4, "windspeed": 0.0, "winddir": 360.0, "pressure": 1009.4, "visibility": 16.0, "cloudcover": 0.0, "solarradiation": 21.0, "solarenergy": 0.1, "uvindex": 0.0, "severerisk": 10.0, "conditions": "Clear", "icon": "clear-day", "stations": ["72456513920", "KFOE", "72450803997", "F7360", "KTOP", "72456013996", "KLWC"], "source": "obs"}, {"datetime": "09:00:00", "datetimeEpoch": 1673449200, "temp": 0.0, "feelslike": 0.0, "humidity": 91.73, "dew": -1.2, "precip": 0.0, "precipprob": 0.0, "snow": 0.0, "snowdepth": 0.0, "preciptype": null, "windgust": 5.4, "windspeed": 0.0, "winddir": 360.0, "pressure": 1009.5, "visibility": 16.0, "cloudcover": 0.0, "solarradiation": 78.0, "solarenergy": 0.3, "uvindex": 1.0, "severerisk": 10.0, "conditions": "Clear", "icon": "clear-day", "stations": ["72456513920", "KFOE", "72450803997", "F7360", "KTOP", "72456013996", "KLWC"], "source": "obs"}, {"datetime": "10:00:00", "datetimeEpoch": 1673452800, "temp": 2.8, "feelslike": 2.8, "humidity": 77.71, "dew": -0.7, "precip": 0.0, "precipprob": 0.0, "snow": 0.0, "snowdepth": 0.0, "preciptype": null, "windgust": 7.6, "windspeed": 0.0, "winddir": 360.0, "pressure": 1009.7, "visibility": 16.0, "cloudcover": 0.0, "solarradiation": 145.0, "solarenergy": 0.5, "uvindex": 1.0, "severerisk": 10.0, "conditions": "Clear", "icon": "clear-day", "stations": ["72456513920", "KFOE", "72450803997", "F7360", "KTOP", "72456013996", "KLWC"], "source": "obs"}, {"datetime": "11:00:00", "datetimeEpoch": 1673456400, "temp": 5.6, "feelslike": 4.0, "humidity": 64.0, "dew": -0.6, "precip": 0.0, "precipprob": 0.0, "snow": 0.0, "snowdepth": 0.0, "preciptype": null, "windgust": 9.4, "windspeed": 7.5, "winddir": 8.0, "pressure": 1009.7, "visibility": 16.0, "cloudcover": 0.0, "solarradiation": 262.0, "solarenergy": 0.9, "uvindex": 3.0, "severerisk": 10.0, "conditions": "Clear", "icon": "clear-day", "stations": ["72456513920", "KFOE", "72450803997", "F7360", "KTOP", "72456013996", "KLWC"], "source": "obs"}, {"datetime": "12:00:00", "datetimeEpoch": 1673460000, "temp": 6.2, "feelslike": 4.7, "humidity": 61.55, "dew": -0.6, "precip": 0.0, "precipprob": 0.0, "snow": 0.0, "snowdepth": 0.0, "preciptype": null, "windgust": 9.4, "windspeed": 7.6, "winddir": 29.0, "pressure": 1008.5, "visibility": 16.0, "cloudcover": 0.0, "solarradiation": 178.0, "solarenergy": 0.6, "uvindex": 2.0, "severerisk": 10.0, "conditions": "Clear", "icon": "clear-day", "stations": ["72456513920", "KFOE", "72450803997", "F7360", "KTOP", "72456013996", "KLWC"], "source": "obs"}, {"datetime": "13:00:00", "datetimeEpoch": 1673463600, "temp": 8.9, "feelslike": 7.1, "humidity": 53.73, "dew": 0.0, "precip": 0.0, "precipprob": 0.0, "snow": 0.0, "snowdepth": 0.0, "preciptype": null, "windgust": 14.8, "windspeed": 11.1, "winddir": 31.0, "pressure": 1007.2, "visibility": 16.0, "cloudcover": 0.0, "solarradiation": 208.0, "solarenergy": 0.7, "uvindex": 2.0, "severerisk": 10.0, "conditions": "Clear", "icon": "clear-day", "stations": ["72456513920", "KFOE", "72450803997", "F7360", "KTOP", "72456013996", "KLWC"], "source": "obs"}, {"datetime": "14:00:00", "datetimeEpoch": 1673467200, "temp": 10.0, "feelslike": 10.0, "humidity": 47.52, "dew": -0.6, "precip": 0.0, "precipprob": 0.0, "snow": 0.0, "snowdepth": 0.0, "preciptype": null, "windgust": 16.6, "windspeed": 7.6, "winddir": 30.0, "pressure": 1006.6, "visibility": 16.0, "cloudcover": 0.0, "solarradiation": 226.0, "solarenergy": 0.8, "uvindex": 2.0, "severerisk": 10.0, "conditions": "Clear", "icon": "clear-day", "stations": ["72456513920", "KFOE", "72450803997", "F7360", "KTOP", "72456013996", "KLWC"], "source": "obs"}, {"datetime": "15:00:00", "datetimeEpoch": 1673470800, "temp": 10.0, "feelslike": 10.0, "humidity": 49.77, "dew": 0.0, "precip": 0.0, "precipprob": 0.0, "snow": 0.0, "snowdepth": 0.0, "preciptype": null, "windgust": 20.5, "windspeed": 11.3, "winddir": 30.0, "pressure": 1006.1, "visibility": 16.0, "cloudcover": 0.0, "solarradiation": 113.0, "solarenergy": 0.4, "uvindex": 1.0, "severerisk": 10.0, "conditions": "Clear", "icon": "clear-day", "stations": ["72456513920", "KFOE", "72450803997", "F7360", "KTOP", "72456013996", "KLWC"], "source": "obs"}, {"datetime": "16:00:00", "datetimeEpoch": 1673474400, "temp": 10.0, "feelslike": 8.2, "humidity": 49.83, "dew": 0.0, "precip": 0.0, "precipprob": 0.0, "snow": 0.0, "snowdepth": 0.0, "preciptype": null, "windgust": 20.5, "windspeed": 13.0, "winddir": 360.0, "pressure": 1007.0, "visibility": 16.0, "cloudcover": 0.0, "solarradiation": 41.0, "solarenergy": 0.1, "uvindex": 0.0, "severerisk": 10.0, "conditions": "Clear", "icon": "clear-day", "stations": ["72456513920", "KFOE", "72450803997", "F7360", "KTOP", "72456013996", "KLWC"], "source": "obs"}, {"datetime": "17:00:00", "datetimeEpoch": 1673478000, "temp": 8.4, "feelslike": 6.5, "humidity": 55.63, "dew": 0.0, "precip": 0.0, "precipprob": 0.0, "snow": 0.0, "snowdepth": 0.0, "preciptype": null, "windgust": 16.6, "windspeed": 11.2, "winddir": 350.0, "pressure": 1007.9, "visibility": 16.0, "cloudcover": 0.0, "solarradiation": 2.0, "solarenergy": 0.0, "uvindex": 0.0, "severerisk": 10.0, "conditions": "Clear", "icon": "clear-day", "stations": ["72456513920", "KFOE", "72450803997", "F7360", "KTOP", "72456013996", "KLWC"], "source": "obs"}, {"datetime": "18:00:00", "datetimeEpoch": 1673481600, "temp": 7.2, "feelslike": 4.3, "humidity": 60.19, "dew": 0.0, "precip": 0.0, "precipprob": 0.0, "snow": 0.0, "snowdepth": 0.0, "preciptype": null, "windgust": 25.9, "windspeed": 16.6, "winddir": 360.0, "pressure": 1009.1, "visibility": 16.0, "cloudcover": 0.0, "solarradiation": 2.0, "solarenergy": 0.0, "uvindex": 0.0, "severerisk": 10.0, "conditions": "Clear", "icon": "clear-night", "stations": ["72456513920", "KFOE", "72450803997", "F7360", "KTOP", "72456013996", "KLWC"], "source": "obs"}, {"datetime": "19:00:00", "datetimeEpoch": 1673485200, "temp": 7.2, "feelslike": 2.4, "humidity": 60.22, "dew": 0.0, "precip": 0.0, "precipprob": 0.0, "snow": 0.0, "snowdepth": 0.0, "preciptype": null, "windgust": 55.4, "windspeed": 38.4, "winddir": 29.0, "pressure": 1007.9, "visibility": 16.0, "cloudcover": 99.7, "solarradiation": 0.0, "solarenergy": null, "uvindex": 0.0, "severerisk": 10.0, "conditions": "Overcast", "icon": "cloudy", "stations": ["72456513920", "KFOE", "72450803997", "KTOP", "72456013996", "KLWC"], "source": "obs"}, {"datetime": "20:00:00", "datetimeEpoch": 1673488800, "temp": 6.2, "feelslike": 4.0, "humidity": 64.76, "dew": 0.0, "precip": 0.0, "precipprob": 0.0, "snow": 0.0, "snowdepth": 0.0, "preciptype": null, "windgust": 40.0, "windspeed": 10.1, "winddir": 21.0, "pressure": 1007.9, "visibility": 16.0, "cloudcover": 1.4, "solarradiation": 0.0, "solarenergy": null, "uvindex": 0.0, "severerisk": 10.0, "conditions": "Clear", "icon": "clear-night", "stations": ["72456513920", "KFOE", "72450803997", "KTOP", "72456013996", "KLWC"], "source": "obs"}, {"datetime": "21:00:00", "datetimeEpoch": 1673492400, "temp": 5.7, "feelslike": 1.7, "humidity": 67.03, "dew": 0.0, "precip": 0.0, "precipprob": 0.0, "snow": 0.0, "snowdepth": 0.0, "preciptype": null, "windgust": 55.4, "windspeed": 22.2, "winddir": 340.0, "pressure": 1010.4, "visibility": 16.0, "cloudcover": 100.0, "solarradiation": 0.0, "solarenergy": null, "uvindex": 0.0, "severerisk": 10.0, "conditions": "Overcast", "icon": "cloudy", "stations": ["72456513920", "KFOE", "72450803997", "KTOP", "72456013996", "KLWC"], "source": "obs"}, {"datetime": "22:00:00", "datetimeEpoch": 1673496000, "temp": 3.9, "feelslike": -1.7, "humidity": 75.96, "dew": 0.0, "precip": 0.0, "precipprob": 0.0, "snow": 0.0, "snowdepth": 0.0, "preciptype": null, "windgust": 50.0, "windspeed": 33.1, "winddir": 349.0, "pressure": 1011.1, "visibility": 13.0, "cloudcover": 100.0, "solarradiation": 0.0, "solarenergy": null, "uvindex": 0.0, "severerisk": 10.0, "conditions": "Overcast", "icon": "cloudy", "stations": ["72456513920", "KFOE", "72450803997", "KTOP", "72456013996", "KLWC"], "source": "obs"}, {"datetime": "23:00:00", "datetimeEpoch": 1673499600, "temp": 2.2, "feelslike": -3.7, "humidity": 85.21, "dew": 0.0, "precip": 0.007, "precipprob": 100.0, "snow": 0.0, "snowdepth": 0.0, "preciptype": ["rain"], "windgust": 48.1, "windspeed": 31.6, "winddir": 350.0, "pressure": 1011.3, "visibility": 11.0, "cloudcover": 100.0, "solarradiation": 0.0, "solarenergy": null, "uvindex": 0.0, "severerisk": 10.0, "conditions": "Rain, Overcast", "icon": "rain", "stations": ["72456513920", "KFOE", "72450803997", "KTOP", "72456013996", "KLWC"], "source": "obs"}]}, {"datetime": "2023-01-12", "datetimeEpoch": 1673503200, "tempmax": 1.7, "tempmin": -3.8, "temp": -1.6, "feelslikemax": -4.4, "feelslikemin": -10.3, "feelslike": -8.3, "dew": -4.1, "humidity": 83.4, "precip": 2.674, "precipprob": 100.0, "precipcover": 12.5, "preciptype": ["rain", "snow"], "snow": 6.6, "snowdepth": 3.2, "windgust": 64.5, "windspeed": 40.4, "winddir": 339.9, "pressure": 1024.4, "cloudcover": 97.5, "visibility": 13.2, "solarradiation": 27.5, "solarenergy": 2.4, "uvindex": 1.0, "severerisk": 10.0, "sunrise": "07:40:56", "sunriseEpoch": 1673530856, "sunset": "17:21:27", "sunsetEpoch": 1673565687, "moonphase": 0.63, "conditions": "Snow, Rain, Overcast", "description": "Cloudy skies throughout the day with early morning snow or rain.", "icon": "snow", "stations": ["72456513920", "KFOE", "KUNK1", "72450803997", "F7360", "KTOP", "AV314", "72456013996", "KLWC"], "source": "obs", "hours": [{"datetime": "00:00:00", "datetimeEpoch": 1673503200, "temp": 1.7, "feelslike": -4.4, "humidity": 88.22, "dew": 0.0, "precip": 0.0, "precipprob": 0.0, "snow": 0.0, "snowdepth": 0.0, "preciptype": null, "windgust": 53.4, "windspeed": 31.5, "winddir": 350.0, "pressure": 1012.1, "visibility": 13.0, "cloudcover": 100.0, "solarradiation": 0.0, "solarenergy": null, "uvindex": 0.0, "severerisk": 10.0, "conditions": "Overcast", "icon": "cloudy", "stations": ["72456513920", "KFOE", "72450803997", "KTOP", "72456013996", "KLWC"], "source": "obs"}, {"datetime": "01:00:00", "datetimeEpoch": 1673506800, "temp": 1.2, "feelslike": -5.1, "humidity": 87.68, "dew": -0.7, "precip": 0.0, "precipprob": 0.0, "snow": 0.0, "snowdepth": 0.0, "preciptype": null, "windgust": 50.9, "windspeed": 31.5, "winddir": 350.0, "pressure": 1013.0, "visibility": 11.0, "cloudcover": 100.0, "solarradiation": 16.0, "solarenergy": 0.1, "uvindex": 0.0, "severerisk": 10.0, "conditions": "Overcast", "icon": "cloudy", "stations": ["72456513920", "KFOE", "72450803997", "KTOP", "AV314", "72456013996", "KLWC"], "source": "obs"}, {"datetime": "02:00:00", "datetimeEpoch": 1673510400, "temp": 0.0, "feelslike": -6.8, "humidity": 91.8, "dew": -1.2, "precip": 0.783, "precipprob": 100.0, "snow": 0.1, "snowdepth": 0.1, "preciptype": ["rain", "snow"], "windgust": 64.5, "windspeed": 33.4, "winddir": 350.0, "pressure": 1013.5, "visibility": 5.0, "cloudcover": 100.0, "solarradiation": 0.0, "solarenergy": null, "uvindex": 0.0, "severerisk": 10.0, "conditions": "Snow, Rain, Overcast", "icon": "snow", "stations": ["72456513920", "KFOE", "KTOP", "72456013996"], "source": "obs"}, {"datetime": "03:00:00", "datetimeEpoch": 1673514000, "temp": -2.1, "feelslike": -9.6, "humidity": 94.91, "dew": -2.8, "precip": 1.291, "precipprob": 100.0, "snow": 1.5, "snowdepth": 1.6, "preciptype": ["snow"], "windgust": 54.1, "windspeed": 33.4, "winddir": 350.0, "pressure": 1016.3, "visibility": 1.1, "cloudcover": 100.0, "solarradiation": 0.0, "solarenergy": null, "uvindex": 0.0, "severerisk": 10.0, "conditions": "Snow, Overcast", "icon": "snow", "stations": ["72456513920", "KFOE", "KTOP", "72456013996", "KLWC"], "source": "obs"}, {"datetime": "04:00:00", "datetimeEpoch": 1673517600, "temp": -1.6, "feelslike": -9.4, "humidity": 88.36, "dew": -3.3, "precip": 0.6, "precipprob": 100.0, "snow": 3.1, "snowdepth": 4.7, "preciptype": ["rain", "snow"], "windgust": 59.8, "windspeed": 38.5, "winddir": 340.0, "pressure": 1017.5, "visibility": 4.7, "cloudcover": 100.0, "solarradiation": 0.0, "solarenergy": null, "uvindex": 0.0, "severerisk": 10.0, "conditions": "Snow, Rain, Overcast", "icon": "snow", "stations": ["72456513920", "KFOE", "KTOP", "72456013996", "KLWC"], "source": "obs"}, {"datetime": "05:00:00", "datetimeEpoch": 1673521200, "temp": -1.6, "feelslike": -9.6, "humidity": 88.35, "dew": -3.3, "precip": 0.0, "precipprob": 0.0, "snow": 0.1, "snowdepth": 4.8, "preciptype": null, "windgust": 57.3, "windspeed": 40.4, "winddir": 340.0, "pressure": 1019.3, "visibility": 10.0, "cloudcover": 100.0, "solarradiation": 0.0, "solarenergy": null, "uvindex": 0.0, "severerisk": 10.0, "conditions": "Overcast", "icon": "snow", "stations": ["72456513920", "KFOE", "72450803997", "KTOP", "72456013996", "KLWC"], "source": "obs"}, {"datetime": "06:00:00", "datetimeEpoch": 1673524800, "temp": -1.1, "feelslike": -8.4, "humidity": 88.47, "dew": -2.8, "precip": 0.0, "precipprob": 0.0, "snow": 1.8, "snowdepth": 4.7, "preciptype": null, "windgust": 55.9, "windspeed": 34.9, "winddir": 340.0, "pressure": 1020.7, "visibility": 11.0, "cloudcover": 100.0, "solarradiation": 0.0, "solarenergy": null, "uvindex": 0.0, "severerisk": 10.0, "conditions": "Overcast", "icon": "snow", "stations": ["72456513920", "KFOE", "72450803997", "KTOP", "72456013996", "KLWC"], "source": "obs"}, {"datetime": "07:00:00", "datetimeEpoch": 1673528400, "temp": -1.1, "feelslike": -8.5, "humidity": 88.48, "dew": -2.8, "precip": 0.0, "precipprob": 0.0, "snow": 0.0, "snowdepth": 4.7, "preciptype": null, "windgust": 53.2, "windspeed": 35.1, "winddir": 340.0, "pressure": 1021.7, "visibility": 11.1, "cloudcover": 100.0, "solarradiation": 0.0, "solarenergy": null, "uvindex": 0.0, "severerisk": 10.0, "conditions": "Overcast", "icon": "cloudy", "stations": ["72456513920", "KFOE", "72450803997", "KTOP", "72456013996", "KLWC"], "source": "obs"}, {"datetime": "08:00:00", "datetimeEpoch": 1673532000, "temp": -1.1, "feelslike": -8.1, "humidity": 88.48, "dew": -2.8, "precip": 0.0, "precipprob": 0.0, "snow": 0.0, "snowdepth": 4.6, "preciptype": null, "windgust": 49.7, "windspeed": 31.4, "winddir": 340.0, "pressure": 1023.2, "visibility": 14.0, "cloudcover": 100.0, "solarradiation": 1.0, "solarenergy": 0.0, "uvindex": 0.0, "severerisk": 10.0, "conditions": "Overcast", "icon": "cloudy", "stations": ["72456513920", "KUNK1", "KFOE", "72450803997", "KTOP", "72456013996", "KLWC"], "source": "obs"}, {"datetime": "09:00:00", "datetimeEpoch": 1673535600, "temp": -1.6, "feelslike": -8.9, "humidity": 91.61, "dew": -2.8, "precip": 0.0, "precipprob": 0.0, "snow": 0.0, "snowdepth": 4.6, "preciptype": null, "windgust": 47.9, "windspeed": 33.1, "winddir": 330.0, "pressure": 1025.1, "visibility": 11.1, "cloudcover": 100.0, "solarradiation": 32.0, "solarenergy": 0.1, "uvindex": 0.0, "severerisk": 10.0, "conditions": "Overcast", "icon": "cloudy", "stations": ["72456513920", "KFOE", "72450803997", "F7360", "KTOP", "72456013996", "KLWC"], "source": "obs"}, {"datetime": "10:00:00", "datetimeEpoch": 1673539200, "temp": -1.6, "feelslike": -8.1, "humidity": 84.8, "dew": -3.8, "precip": 0.0, "precipprob": 0.0, "snow": 0.0, "snowdepth": 4.5, "preciptype": null, "windgust": 48.1, "windspeed": 25.9, "winddir": 340.0, "pressure": 1026.5, "visibility": 16.0, "cloudcover": 100.0, "solarradiation": 60.0, "solarenergy": 0.2, "uvindex": 1.0, "severerisk": 10.0, "conditions": "Overcast", "icon": "cloudy", "stations": ["72456513920", "KFOE", "72450803997", "F7360", "KTOP", "72456013996", "KLWC"], "source": "obs"}, {"datetime": "11:00:00", "datetimeEpoch": 1673542800, "temp": -2.1, "feelslike": -9.6, "humidity": 87.95, "dew": -3.9, "precip": 0.0, "precipprob": 0.0, "snow": 0.0, "snowdepth": 4.2, "preciptype": null, "windgust": 50.0, "windspeed": 33.2, "winddir": 330.0, "pressure": 1027.5, "visibility": 16.0, "cloudcover": 100.0, "solarradiation": 78.0, "solarenergy": 0.3, "uvindex": 1.0, "severerisk": 10.0, "conditions": "Overcast", "icon": "cloudy", "stations": ["72456513920", "KFOE", "72450803997", "F7360", "KTOP", "72456013996", "KLWC"], "source": "obs"}, {"datetime": "12:00:00", "datetimeEpoch": 1673546400, "temp": -1.6, "feelslike": -9.3, "humidity": 81.71, "dew": -4.4, "precip": 0.0, "precipprob": 0.0, "snow": 0.0, "snowdepth": 3.9, "preciptype": null, "windgust": 48.2, "windspeed": 36.8, "winddir": 340.0, "pressure": 1027.6, "visibility": 16.0, "cloudcover": 100.0, "solarradiation": 134.0, "solarenergy": 0.5, "uvindex": 1.0, "severerisk": 10.0, "conditions": "Overcast", "icon": "cloudy", "stations": ["72456513920", "KFOE", "72450803997", "F7360", "KTOP", "72456013996", "KLWC"], "source": "obs"}, {"datetime": "13:00:00", "datetimeEpoch": 1673550000, "temp": -1.6, "feelslike": -8.7, "humidity": 81.64, "dew": -4.4, "precip": 0.0, "precipprob": 0.0, "snow": 0.0, "snowdepth": 3.6, "preciptype": null, "windgust": 46.4, "windspeed": 31.4, "winddir": 330.0, "pressure": 1027.4, "visibility": 16.0, "cloudcover": 100.0, "solarradiation": 115.0, "solarenergy": 0.4, "uvindex": 1.0, "severerisk": 10.0, "conditions": "Overcast", "icon": "cloudy", "stations": ["72456513920", "KFOE", "72450803997", "F7360", "KTOP", "72456013996", "KLWC"], "source": "obs"}, {"datetime": "14:00:00", "datetimeEpoch": 1673553600, "temp": -1.6, "feelslike": -8.8, "humidity": 74.14, "dew": -5.7, "precip": 0.0, "precipprob": 0.0, "snow": 0.0, "snowdepth": 3.2, "preciptype": null, "windgust": 42.7, "windspeed": 31.4, "winddir": 349.0, "pressure": 1027.6, "visibility": 16.0, "cloudcover": 100.0, "solarradiation": 78.0, "solarenergy": 0.3, "uvindex": 1.0, "severerisk": 10.0, "conditions": "Overcast", "icon": "cloudy", "stations": ["72456513920", "KFOE", "72450803997", "F7360", "KTOP", "72456013996", "KLWC"], "source": "obs"}, {"datetime": "15:00:00", "datetimeEpoch": 1673557200, "temp": -1.6, "feelslike": -8.1, "humidity": 74.09, "dew": -5.7, "precip": 0.0, "precipprob": 0.0, "snow": 0.0, "snowdepth": 3.1, "preciptype": null, "windgust": 37.1, "windspeed": 25.8, "winddir": 340.0, "pressure": 1028.1, "visibility": 16.0, "cloudcover": 100.0, "solarradiation": 91.0, "solarenergy": 0.3, "uvindex": 1.0, "severerisk": 10.0, "conditions": "Overcast", "icon": "cloudy", "stations": ["72456513920", "KFOE", "72450803997", "F7360", "KTOP", "72456013996", "KLWC"], "source": "obs"}, {"datetime": "16:00:00", "datetimeEpoch": 1673560800, "temp": -1.6, "feelslike": -7.9, "humidity": 74.08, "dew": -5.7, "precip": 0.0, "precipprob": 0.0, "snow": 0.0, "snowdepth": 3.1, "preciptype": null, "windgust": 42.3, "windspeed": 24.0, "winddir": 340.0, "pressure": 1028.3, "visibility": 16.0, "cloudcover": 100.0, "solarradiation": 47.0, "solarenergy": 0.2, "uvindex": 0.0, "severerisk": 10.0, "conditions": "Overcast", "icon": "cloudy", "stations": ["72456513920", "KFOE", "72450803997", "F7360", "KTOP", "72456013996", "KLWC"], "source": "obs"}, {"datetime": "17:00:00", "datetimeEpoch": 1673564400, "temp": -2.1, "feelslike": -7.7, "humidity": 73.98, "dew": -6.2, "precip": 0.0, "precipprob": 0.0, "snow": 0.0, "snowdepth": 3.0, "preciptype": null, "windgust": 37.1, "windspeed": 18.4, "winddir": 350.0, "pressure": 1029.1, "visibility": 16.0, "cloudcover": 89.2, "solarradiation": 5.0, "solarenergy": 0.0, "uvindex": 0.0, "severerisk": 10.0, "conditions": "Partially cloudy", "icon": "partly-cloudy-day", "stations": ["72456513920", "KFOE", "72450803997", "F7360", "KTOP", "72456013996", "KLWC"], "source": "obs"}, {"datetime": "18:00:00", "datetimeEpoch": 1673568000, "temp": -3.3, "feelslike": -8.7, "humidity": 77.44, "dew": -6.6, "precip": 0.0, "precipprob": 0.0, "snow": 0.0, "snowdepth": 3.0, "preciptype": null, "windgust": 25.9, "windspeed": 16.5, "winddir": 340.0, "pressure": 1029.9, "visibility": 16.0, "cloudcover": 51.3, "solarradiation": 2.0, "solarenergy": 0.0, "uvindex": 0.0, "severerisk": 10.0, "conditions": "Partially cloudy", "icon": "partly-cloudy-night", "stations": ["72456513920", "KFOE", "72450803997", "F7360", "KTOP", "72456013996", "KLWC"], "source": "obs"}, {"datetime": "19:00:00", "datetimeEpoch": 1673571600, "temp": -2.1, "feelslike": -8.5, "humidity": 76.78, "dew": -5.7, "precip": 0.0, "precipprob": 0.0, "snow": 0.0, "snowdepth": 2.9, "preciptype": null, "windgust": 31.3, "windspeed": 23.8, "winddir": 330.0, "pressure": 1030.2, "visibility": 16.0, "cloudcover": 100.0, "solarradiation": 0.0, "solarenergy": null, "uvindex": 0.0, "severerisk": 10.0, "conditions": "Overcast", "icon": "cloudy", "stations": ["72456513920", "KFOE", "72450803997", "KTOP", "72456013996", "KLWC"], "source": "obs"}, {"datetime": "20:00:00", "datetimeEpoch": 1673575200, "temp": -2.1, "feelslike": -8.0, "humidity": 76.79, "dew": -5.7, "precip": 0.0, "precipprob": 0.0, "snow": 0.0, "snowdepth": 2.9, "preciptype": null, "windgust": 33.5, "windspeed": 20.5, "winddir": 330.0, "pressure": 1030.2, "visibility": 16.0, "cloudcover": 100.0, "solarradiation": 0.0, "solarenergy": null, "uvindex": 0.0, "severerisk": 10.0, "conditions": "Overcast", "icon": "cloudy", "stations": ["72456513920", "KFOE", "72450803997", "KTOP", "72456013996", "KLWC"], "source": "obs"}, {"datetime": "21:00:00", "datetimeEpoch": 1673578800, "temp": -2.1, "feelslike": -8.0, "humidity": 76.86, "dew": -5.7, "precip": 0.0, "precipprob": 0.0, "snow": 0.0, "snowdepth": 2.9, "preciptype": null, "windgust": 33.5, "windspeed": 20.4, "winddir": 339.0, "pressure": 1030.2, "visibility": 16.0, "cloudcover": 100.0, "solarradiation": 0.0, "solarenergy": null, "uvindex": 0.0, "severerisk": 10.0, "conditions": "Overcast", "icon": "cloudy", "stations": ["72456513920", "KFOE", "72450803997", "KTOP", "72456013996", "KLWC"], "source": "obs"}, {"datetime": "22:00:00", "datetimeEpoch": 1673582400, "temp": -2.8, "feelslike": -8.1, "humidity": 80.52, "dew": -5.7, "precip": 0.0, "precipprob": 0.0, "snow": 0.0, "snowdepth": 2.9, "preciptype": null, "windgust": 40.7, "windspeed": 16.6, "winddir": 330.0, "pressure": 1030.3, "visibility": 16.0, "cloudcover": 100.0, "solarradiation": 0.0, "solarenergy": null, "uvindex": 0.0, "severerisk": 10.0, "conditions": "Overcast", "icon": "cloudy", "stations": ["72456513920", "KFOE", "72450803997", "KTOP", "72456013996", "KLWC"], "source": "obs"}, {"datetime": "23:00:00", "datetimeEpoch": 1673586000, "temp": -3.8, "feelslike": -10.3, "humidity": 83.76, "dew": -6.2, "precip": 0.0, "precipprob": 0.0, "snow": 0.0, "snowdepth": 2.8, "preciptype": null, "windgust": 35.3, "windspeed": 22.1, "winddir": 330.0, "pressure": 1030.9, "visibility": 16.0, "cloudcover": 100.0, "solarradiation": 0.0, "solarenergy": null, "uvindex": 0.0, "severerisk": 10.0, "conditions": "Overcast", "icon": "cloudy", "stations": ["72456513920", "KFOE", "72450803997", "KTOP", "72456013996", "KLWC"], "source": "obs"}]}, {"datetime": "2023-01-13", "datetimeEpoch": 1673589600, "tempmax": -0.6, "tempmin": -7.8, "temp": -4.4, "feelslikemax": -0.6, "feelslikemin": -12.7, "feelslike": -8.1, "dew": -7.0, "humidity": 82.8, "precip": 0.0, "precipprob": 0.0, "precipcover": 0.0, "preciptype": ["snow"], "snow": 0.0, "snowdepth": 2.1, "windgust": 37.1, "windspeed": 22.2, "winddir": 337.7, "pressure": 1030.5, "cloudcover": 56.5, "visibility": 12.3, "solarradiation": 69.5, "solarenergy": 5.9, "uvindex": 5.0, "severerisk": 10.0, "sunrise": "07:40:39", "sunriseEpoch": 1673617239, "sunset": "17:22:29", "sunsetEpoch": 1673652149, "moonphase": 0.68, "conditions": "Partially cloudy", "description": "Partly cloudy throughout the day.", "icon": "partly-cloudy-day", "stations": ["72456513920", "KFOE", "72450803997", "F7360", "KTOP", "72456013996", "KLWC"], "source": "obs", "hours": [{"datetime": "00:00:00", "datetimeEpoch": 1673589600, "temp": -3.8, "feelslike": -8.7, "humidity": 83.79, "dew": -6.2, "precip": 0.0, "precipprob": 0.0, "snow": 0.0, "snowdepth": 2.8, "preciptype": null, "windgust": 16.6, "windspeed": 13.0, "winddir": 340.0, "pressure": 1031.0, "visibility": 16.0, "cloudcover": 100.0, "solarradiation": 0.0, "solarenergy": null, "uvindex": 0.0, "severerisk": 10.0, "conditions": "Overcast", "icon": "cloudy", "stations": ["72456513920", "KFOE", "72450803997", "KTOP", "72456013996", "KLWC"], "source": "obs"}, {"datetime": "01:00:00", "datetimeEpoch": 1673593200, "temp": -4.3, "feelslike": -10.0, "humidity": 83.73, "dew": -6.7, "precip": 0.0, "precipprob": 0.0, "snow": 0.0, "snowdepth": 2.8, "preciptype": null, "windgust": 31.3, "windspeed": 16.5, "winddir": 350.0, "pressure": 1030.4, "visibility": 16.0, "cloudcover": 100.0, "solarradiation": 0.0, "solarenergy": null, "uvindex": 0.0, "severerisk": 10.0, "conditions": "Overcast", "icon": "cloudy", "stations": ["72456513920", "KFOE", "72450803997", "KTOP", "72456013996", "KLWC"], "source": "obs"}, {"datetime": "02:00:00", "datetimeEpoch": 1673596800, "temp": -4.3, "feelslike": -9.7, "humidity": 83.8, "dew": -6.7, "precip": 0.0, "precipprob": 0.0, "snow": 0.0, "snowdepth": 2.8, "preciptype": null, "windgust": 29.5, "windspeed": 14.8, "winddir": 320.0, "pressure": 1030.3, "visibility": 14.1, "cloudcover": 100.0, "solarradiation": 0.0, "solarenergy": null, "uvindex": 0.0, "severerisk": 10.0, "conditions": "Overcast", "icon": "cloudy", "stations": ["72456513920", "KFOE", "72450803997", "KTOP", "72456013996", "KLWC"], "source": "obs"}, {"datetime": "03:00:00", "datetimeEpoch": 1673600400, "temp": -5.0, "feelslike": -11.2, "humidity": 80.68, "dew": -7.8, "precip": 0.0, "precipprob": 0.0, "snow": 0.0, "snowdepth": 2.8, "preciptype": null, "windgust": 37.1, "windspeed": 18.3, "winddir": 330.0, "pressure": 1030.6, "visibility": 14.1, "cloudcover": 100.0, "solarradiation": 0.0, "solarenergy": null, "uvindex": 0.0, "severerisk": 10.0, "conditions": "Overcast", "icon": "cloudy", "stations": ["72456513920", "KFOE", "72450803997", "KTOP", "72456013996", "KLWC"], "source": "obs"}, {"datetime": "04:00:00", "datetimeEpoch": 1673604000, "temp": -5.0, "feelslike": -11.2, "humidity": 84.71, "dew": -7.2, "precip": 0.0, "precipprob": 0.0, "snow": 0.0, "snowdepth": 2.7, "preciptype": null, "windgust": 33.5, "windspeed": 18.3, "winddir": 340.0, "pressure": 1030.7, "visibility": 16.0, "cloudcover": 100.0, "solarradiation": 0.0, "solarenergy": null, "uvindex": 0.0, "severerisk": 10.0, "conditions": "Overcast", "icon": "cloudy", "stations": ["72456513920", "KFOE", "72450803997", "KTOP", "72456013996", "KLWC"], "source": "obs"}, {"datetime": "05:00:00", "datetimeEpoch": 1673607600, "temp": -5.6, "feelslike": -12.7, "humidity": 84.71, "dew": -7.8, "precip": 0.0, "precipprob": 0.0, "snow": 0.0, "snowdepth": 2.7, "preciptype": null, "windgust": 27.7, "windspeed": 22.2, "winddir": 330.0, "pressure": 1031.3, "visibility": 14.0, "cloudcover": 100.0, "solarradiation": 0.0, "solarenergy": null, "uvindex": 0.0, "severerisk": 10.0, "conditions": "Overcast", "icon": "cloudy", "stations": ["72456513920", "KFOE", "72450803997", "KTOP", "72456013996", "KLWC"], "source": "obs"}, {"datetime": "06:00:00", "datetimeEpoch": 1673611200, "temp": -5.6, "feelslike": -11.7, "humidity": 88.92, "dew": -7.2, "precip": 0.0, "precipprob": 0.0, "snow": 0.0, "snowdepth": 2.7, "preciptype": null, "windgust": 27.7, "windspeed": 16.5, "winddir": 331.0, "pressure": 1031.5, "visibility": 13.0, "cloudcover": 100.0, "solarradiation": 0.0, "solarenergy": null, "uvindex": 0.0, "severerisk": 10.0, "conditions": "Overcast", "icon": "cloudy", "stations": ["72456513920", "KFOE", "72450803997", "KTOP", "72456013996", "KLWC"], "source": "obs"}, {"datetime": "07:00:00", "datetimeEpoch": 1673614800, "temp": -5.6, "feelslike": -11.7, "humidity": 88.92, "dew": -7.2, "precip": 0.0, "precipprob": 0.0, "snow": 0.0, "snowdepth": 2.7, "preciptype": ["snow"], "windgust": 27.7, "windspeed": 16.6, "winddir": 341.0, "pressure": 1031.7, "visibility": 13.0, "cloudcover": 100.0, "solarradiation": 0.0, "solarenergy": null, "uvindex": 0.0, "severerisk": 10.0, "conditions": "Overcast", "icon": "cloudy", "stations": ["72456513920", "KFOE", "72450803997", "KTOP", "72456013996", "KLWC"], "source": "obs"}, {"datetime": "08:00:00", "datetimeEpoch": 1673618400, "temp": -6.1, "feelslike": -12.6, "humidity": 87.91, "dew": -7.8, "precip": 0.0, "precipprob": 0.0, "snow": 0.0, "snowdepth": 2.7, "preciptype": ["snow"], "windgust": 14.8, "windspeed": 18.3, "winddir": 350.0, "pressure": 1031.7, "visibility": 8.0, "cloudcover": 100.0, "solarradiation": 11.0, "solarenergy": 0.0, "uvindex": 0.0, "severerisk": 10.0, "conditions": "Overcast", "icon": "cloudy", "stations": ["72456513920", "KFOE", "72450803997", "F7360", "KTOP", "72456013996", "KLWC"], "source": "obs"}, {"datetime": "09:00:00", "datetimeEpoch": 1673622000, "temp": -5.6, "feelslike": -9.8, "humidity": 88.94, "dew": -7.2, "precip": 0.0, "precipprob": 0.0, "snow": 0.0, "snowdepth": 2.6, "preciptype": ["snow"], "windgust": 24.1, "windspeed": 9.4, "winddir": 9.0, "pressure": 1031.9, "visibility": 8.1, "cloudcover": 100.0, "solarradiation": 62.0, "solarenergy": 0.2, "uvindex": 1.0, "severerisk": 10.0, "conditions": "Overcast", "icon": "cloudy", "stations": ["72456513920", "KFOE", "72450803997", "F7360", "KTOP", "72456013996", "KLWC"], "source": "obs"}, {"datetime": "10:00:00", "datetimeEpoch": 1673625600, "temp": -5.0, "feelslike": -9.6, "humidity": 84.7, "dew": -7.2, "precip": 0.0, "precipprob": 0.0, "snow": 0.0, "snowdepth": 2.6, "preciptype": ["snow"], "windgust": 20.5, "windspeed": 11.2, "winddir": 11.0, "pressure": 1032.5, "visibility": 10.0, "cloudcover": 100.0, "solarradiation": 115.0, "solarenergy": 0.4, "uvindex": 1.0, "severerisk": 10.0, "conditions": "Overcast", "icon": "cloudy", "stations": ["72456513920", "KFOE", "72450803997", "F7360", "KTOP", "72456013996", "KLWC"], "source": "obs"}, {"datetime": "11:00:00", "datetimeEpoch": 1673629200, "temp": -5.0, "feelslike": -8.4, "humidity": 84.69, "dew": -7.1, "precip": 0.0, "precipprob": 0.0, "snow": 0.0, "snowdepth": 2.6, "preciptype": ["snow"], "windgust": 18.4, "windspeed": 7.5, "winddir": 320.0, "pressure": 1033.5, "visibility": 11.1, "cloudcover": 100.0, "solarradiation": 165.0, "solarenergy": 0.6, "uvindex": 2.0, "severerisk": 10.0, "conditions": "Overcast", "icon": "cloudy", "stations": ["72456513920", "KFOE", "72450803997", "F7360", "KTOP", "72456013996", "KLWC"], "source": "obs"}, {"datetime": "12:00:00", "datetimeEpoch": 1673632800, "temp": -3.8, "feelslike": -6.0, "humidity": 80.77, "dew": -6.6, "precip": 0.0, "precipprob": 0.0, "snow": 0.0, "snowdepth": 2.5, "preciptype": ["snow"], "windgust": 9.4, "windspeed": 5.3, "winddir": 321.0, "pressure": 1032.8, "visibility": 10.2, "cloudcover": 100.0, "solarradiation": 475.0, "solarenergy": 1.7, "uvindex": 5.0, "severerisk": 10.0, "conditions": "Overcast", "icon": "cloudy", "stations": ["72456513920", "KFOE", "72450803997", "F7360", "KTOP", "72456013996", "KLWC"], "source": "obs"}, {"datetime": "13:00:00", "datetimeEpoch": 1673636400, "temp": -2.8, "feelslike": -4.9, "humidity": 74.73, "dew": -6.6, "precip": 0.0, "precipprob": 0.0, "snow": 0.0, "snowdepth": 2.5, "preciptype": ["snow"], "windgust": 13.0, "windspeed": 5.4, "winddir": 268.0, "pressure": 1031.6, "visibility": 11.1, "cloudcover": 28.9, "solarradiation": 156.0, "solarenergy": 0.6, "uvindex": 2.0, "severerisk": 10.0, "conditions": "Partially cloudy", "icon": "partly-cloudy-day", "stations": ["72456513920", "KFOE", "72450803997", "F7360", "KTOP", "72456013996", "KLWC"], "source": "obs"}, {"datetime": "14:00:00", "datetimeEpoch": 1673640000, "temp": -2.1, "feelslike": -5.1, "humidity": 74.12, "dew": -6.1, "precip": 0.0, "precipprob": 0.0, "snow": 0.0, "snowdepth": 2.1, "preciptype": ["snow"], "windgust": 13.0, "windspeed": 7.6, "winddir": 318.0, "pressure": 1030.3, "visibility": 11.1, "cloudcover": 27.7, "solarradiation": 398.0, "solarenergy": 1.4, "uvindex": 4.0, "severerisk": 10.0, "conditions": "Partially cloudy", "icon": "partly-cloudy-day", "stations": ["72456513920", "KFOE", "72450803997", "F7360", "KTOP", "72456013996", "KLWC"], "source": "obs"}, {"datetime": "15:00:00", "datetimeEpoch": 1673643600, "temp": -0.6, "feelslike": -2.5, "humidity": 68.97, "dew": -5.6, "precip": 0.0, "precipprob": 0.0, "snow": 0.0, "snowdepth": 1.6, "preciptype": ["snow"], "windgust": 11.2, "windspeed": 5.5, "winddir": 289.0, "pressure": 1029.8, "visibility": 14.1, "cloudcover": 0.0, "solarradiation": 203.0, "solarenergy": 0.7, "uvindex": 2.0, "severerisk": 10.0, "conditions": "Clear", "icon": "clear-day", "stations": ["72456513920", "KFOE", "72450803997", "F7360", "KTOP", "72456013996", "KLWC"], "source": "obs"}, {"datetime": "16:00:00", "datetimeEpoch": 1673647200, "temp": -0.6, "feelslike": -0.6, "humidity": 68.9, "dew": -5.7, "precip": 0.0, "precipprob": 0.0, "snow": 0.0, "snowdepth": 1.2, "preciptype": ["snow"], "windgust": 9.4, "windspeed": 0.0, "winddir": 360.0, "pressure": 1029.6, "visibility": 14.1, "cloudcover": 0.0, "solarradiation": 63.0, "solarenergy": 0.2, "uvindex": 1.0, "severerisk": 10.0, "conditions": "Clear", "icon": "clear-day", "stations": ["72456513920", "KFOE", "72450803997", "F7360", "KTOP", "72456013996", "KLWC"], "source": "obs"}, {"datetime": "17:00:00", "datetimeEpoch": 1673650800, "temp": -1.6, "feelslike": -3.5, "humidity": 74.01, "dew": -5.7, "precip": 0.0, "precipprob": 0.0, "snow": 0.0, "snowdepth": 1.1, "preciptype": ["snow"], "windgust": 9.4, "windspeed": 5.3, "winddir": 99.0, "pressure": 1029.6, "visibility": 14.1, "cloudcover": 0.0, "solarradiation": 15.0, "solarenergy": 0.1, "uvindex": 0.0, "severerisk": 10.0, "conditions": "Clear", "icon": "clear-day", "stations": ["72456513920", "KFOE", "72450803997", "F7360", "KTOP", "72456013996", "KLWC"], "source": "obs"}, {"datetime": "18:00:00", "datetimeEpoch": 1673654400, "temp": -2.1, "feelslike": -2.1, "humidity": 76.86, "dew": -5.7, "precip": 0.0, "precipprob": 0.0, "snow": 0.0, "snowdepth": 1.1, "preciptype": ["snow"], "windgust": 3.6, "windspeed": 0.0, "winddir": 0.0, "pressure": 1029.0, "visibility": 14.1, "cloudcover": 0.0, "solarradiation": 4.0, "solarenergy": 0.0, "uvindex": 0.0, "severerisk": 10.0, "conditions": "Clear", "icon": "clear-night", "stations": ["72456513920", "KFOE", "72450803997", "F7360", "KTOP", "72456013996", "KLWC"], "source": "obs"}, {"datetime": "19:00:00", "datetimeEpoch": 1673658000, "temp": -4.3, "feelslike": -4.3, "humidity": 87.06, "dew": -6.2, "precip": 0.0, "precipprob": 0.0, "snow": 0.0, "snowdepth": 1.1, "preciptype": ["snow"], "windgust": 5.4, "windspeed": 0.0, "winddir": 0.0, "pressure": 1029.0, "visibility": 13.0, "cloudcover": 0.0, "solarradiation": 0.0, "solarenergy": null, "uvindex": 0.0, "severerisk": 10.0, "conditions": "Clear", "icon": "clear-night", "stations": ["72456513920", "KFOE", "72450803997", "KTOP", "72456013996", "KLWC"], "source": "obs"}, {"datetime": "20:00:00", "datetimeEpoch": 1673661600, "temp": -5.6, "feelslike": -5.6, "humidity": 84.78, "dew": -7.8, "precip": 0.0, "precipprob": 0.0, "snow": 0.0, "snowdepth": 1.1, "preciptype": ["snow"], "windgust": 5.4, "windspeed": 0.0, "winddir": 0.0, "pressure": 1028.9, "visibility": 11.0, "cloudcover": 0.0, "solarradiation": 0.0, "solarenergy": null, "uvindex": 0.0, "severerisk": 10.0, "conditions": "Clear", "icon": "clear-night", "stations": ["72456513920", "KFOE", "72450803997", "KTOP", "72456013996", "KLWC"], "source": "obs"}, {"datetime": "21:00:00", "datetimeEpoch": 1673665200, "temp": -6.6, "feelslike": -9.3, "humidity": 91.38, "dew": -7.8, "precip": 0.0, "precipprob": 0.0, "snow": 0.0, "snowdepth": 1.1, "preciptype": ["snow"], "windgust": 3.6, "windspeed": 5.4, "winddir": 148.0, "pressure": 1028.4, "visibility": 10.0, "cloudcover": 0.0, "solarradiation": 0.0, "solarenergy": null, "uvindex": 0.0, "severerisk": 10.0, "conditions": "Clear", "icon": "clear-night", "stations": ["72456513920", "KFOE", "72450803997", "KTOP", "72456013996", "KLWC"], "source": "obs"}, {"datetime": "22:00:00", "datetimeEpoch": 1673668800, "temp": -7.1, "feelslike": -10.9, "humidity": 91.41, "dew": -8.3, "precip": 0.0, "precipprob": 0.0, "snow": 0.0, "snowdepth": 1.1, "preciptype": ["snow"], "windgust": 3.6, "windspeed": 7.4, "winddir": 138.0, "pressure": 1027.6, "visibility": 10.0, "cloudcover": 0.0, "solarradiation": 0.0, "solarenergy": null, "uvindex": 0.0, "severerisk": 10.0, "conditions": "Clear", "icon": "clear-night", "stations": ["72456513920", "KFOE", "72450803997", "KTOP", "72456013996", "KLWC"], "source": "obs"}, {"datetime": "23:00:00", "datetimeEpoch": 1673672400, "temp": -7.8, "feelslike": -11.6, "humidity": 88.58, "dew": -9.3, "precip": 0.0, "precipprob": 0.0, "snow": 0.0, "snowdepth": 1.1, "preciptype": ["snow"], "windgust": 7.6, "windspeed": 7.4, "winddir": 168.0, "pressure": 1027.4, "visibility": 10.0, "cloudcover": 0.0, "solarradiation": 0.0, "solarenergy": null, "uvindex": 0.0, "severerisk": 10.0, "conditions": "Clear", "icon": "clear-night", "stations": ["72456513920", "KFOE", "72450803997", "KTOP", "72456013996", "KLWC"], "source": "obs"}]}, {"datetime": "2023-01-14", "datetimeEpoch": 1673676000, "tempmax": 8.9, "tempmin": -7.8, "temp": 1.1, "feelslikemax": 5.2, "feelslikemin": -12.9, "feelslike": -3.4, "dew": -3.7, "humidity": 72.8, "precip": 0.0, "precipprob": 0.0, "precipcover": 0.0, "preciptype": ["rain", "freezingrain", "snow"], "snow": 0.0, "snowdepth": 0.5, "windgust": 50.0, "windspeed": 29.4, "winddir": 158.1, "pressure": 1019.6, "cloudcover": 0.0, "visibility": 14.2, "solarradiation": 66.7, "solarenergy": 5.7, "uvindex": 3.0, "severerisk": 10.0, "sunrise": "07:40:21", "sunriseEpoch": 1673703621, "sunset": "17:23:32", "sunsetEpoch": 1673738612, "moonphase": 0.72, "conditions": "Clear", "description": "Clear conditions throughout the day.", "icon": "clear-day", "stations": ["72456513920", "KFOE", "72450803997", "F7360", "KTOP", "72456013996", "KLWC"], "source": "obs", "hours": [{"datetime": "00:00:00", "datetimeEpoch": 1673676000, "temp": -7.8, "feelslike": -12.9, "humidity": 92.0, "dew": -8.9, "precip": 0.0, "precipprob": 0.0, "snow": 0.0, "snowdepth": 1.1, "preciptype": ["snow"], "windgust": 13.0, "windspeed": 11.0, "winddir": 149.0, "pressure": 1026.6, "visibility": 11.0, "cloudcover": 0.0, "solarradiation": 0.0, "solarenergy": null, "uvindex": 0.0, "severerisk": 10.0, "conditions": "Clear", "icon": "clear-night", "stations": ["72456513920", "KFOE", "72450803997", "KTOP", "72456013996", "KLWC"], "source": "obs"}, {"datetime": "01:00:00", "datetimeEpoch": 1673679600, "temp": -6.7, "feelslike": -10.3, "humidity": 91.53, "dew": -7.8, "precip": 0.0, "precipprob": 0.0, "snow": 0.0, "snowdepth": 1.1, "preciptype": ["snow"], "windgust": 14.8, "windspeed": 7.4, "winddir": 158.0, "pressure": 1026.0, "visibility": 10.9, "cloudcover": 0.0, "solarradiation": 0.0, "solarenergy": null, "uvindex": 0.0, "severerisk": 10.0, "conditions": "Clear", "icon": "clear-night", "stations": ["72456513920", "KFOE", "72450803997", "KTOP", "72456013996", "KLWC"], "source": "obs"}, {"datetime": "02:00:00", "datetimeEpoch": 1673683200, "temp": -5.7, "feelslike": -9.8, "humidity": 92.44, "dew": -6.7, "precip": 0.0, "precipprob": 0.0, "snow": 0.0, "snowdepth": 1.1, "preciptype": ["snow"], "windgust": 16.6, "windspeed": 9.3, "winddir": 158.0, "pressure": 1025.3, "visibility": 11.0, "cloudcover": 0.0, "solarradiation": 0.0, "solarenergy": null, "uvindex": 0.0, "severerisk": 10.0, "conditions": "Clear", "icon": "clear-night", "stations": ["72456513920", "KFOE", "72450803997", "KTOP", "72456013996", "KLWC"], "source": "obs"}, {"datetime": "03:00:00", "datetimeEpoch": 1673686800, "temp": -6.7, "feelslike": -11.0, "humidity": 91.45, "dew": -7.8, "precip": 0.0, "precipprob": 0.0, "snow": 0.0, "snowdepth": 1.1, "preciptype": ["snow"], "windgust": 9.4, "windspeed": 9.3, "winddir": 139.0, "pressure": 1025.2, "visibility": 11.0, "cloudcover": 0.0, "solarradiation": 0.0, "solarenergy": null, "uvindex": 0.0, "severerisk": 10.0, "conditions": "Clear", "icon": "clear-night", "stations": ["72456513920", "KFOE", "72450803997", "KTOP", "72456013996", "KLWC"], "source": "obs"}, {"datetime": "04:00:00", "datetimeEpoch": 1673690400, "temp": -5.7, "feelslike": -9.8, "humidity": 89.13, "dew": -7.2, "precip": 0.0, "precipprob": 0.0, "snow": 0.0, "snowdepth": 1.1, "preciptype": ["snow"], "windgust": 24.1, "windspeed": 9.1, "winddir": 158.0, "pressure": 1024.7, "visibility": 12.9, "cloudcover": 0.0, "solarradiation": 0.0, "solarenergy": null, "uvindex": 0.0, "severerisk": 10.0, "conditions": "Clear", "icon": "clear-night", "stations": ["72456513920", "KFOE", "72450803997", "KTOP", "72456013996", "KLWC"], "source": "obs"}, {"datetime": "05:00:00", "datetimeEpoch": 1673694000, "temp": -5.7, "feelslike": -10.4, "humidity": 92.53, "dew": -6.7, "precip": 0.0, "precipprob": 0.0, "snow": 0.0, "snowdepth": 1.1, "preciptype": ["snow"], "windgust": 25.9, "windspeed": 11.0, "winddir": 158.0, "pressure": 1024.3, "visibility": 13.0, "cloudcover": 0.0, "solarradiation": 0.0, "solarenergy": null, "uvindex": 0.0, "severerisk": 10.0, "conditions": "Clear", "icon": "clear-night", "stations": ["72456513920", "KFOE", "72450803997", "KTOP", "72456013996", "KLWC"], "source": "obs"}, {"datetime": "06:00:00", "datetimeEpoch": 1673697600, "temp": -4.4, "feelslike": -9.7, "humidity": 90.5, "dew": -5.7, "precip": 0.0, "precipprob": 0.0, "snow": 0.0, "snowdepth": 1.1, "preciptype": ["freezingrain", "snow"], "windgust": 13.0, "windspeed": 14.6, "winddir": 158.0, "pressure": 1023.7, "visibility": 13.0, "cloudcover": 0.0, "solarradiation": 0.0, "solarenergy": null, "uvindex": 0.0, "severerisk": 10.0, "conditions": "Clear", "icon": "clear-night", "stations": ["72456513920", "KFOE", "72450803997", "KTOP", "72456013996", "KLWC"], "source": "obs"}, {"datetime": "07:00:00", "datetimeEpoch": 1673701200, "temp": -3.3, "feelslike": -9.7, "humidity": 87.79, "dew": -5.0, "precip": 0.0, "precipprob": 0.0, "snow": 0.0, "snowdepth": 1.1, "preciptype": ["freezingrain", "snow"], "windgust": 27.7, "windspeed": 22.1, "winddir": 169.0, "pressure": 1023.2, "visibility": 13.0, "cloudcover": 0.0, "solarradiation": 0.0, "solarenergy": null, "uvindex": 0.0, "severerisk": 10.0, "conditions": "Clear", "icon": "clear-night", "stations": ["72456513920", "KFOE", "72450803997", "KTOP", "72456013996", "KLWC"], "source": "obs"}, {"datetime": "08:00:00", "datetimeEpoch": 1673704800, "temp": -3.3, "feelslike": -8.7, "humidity": 87.78, "dew": -5.0, "precip": 0.0, "precipprob": 0.0, "snow": 0.0, "snowdepth": 1.1, "preciptype": ["freezingrain"], "windgust": 20.5, "windspeed": 16.4, "winddir": 160.0, "pressure": 1022.9, "visibility": 11.0, "cloudcover": 0.0, "solarradiation": 19.0, "solarenergy": 0.1, "uvindex": 0.0, "severerisk": 10.0, "conditions": "Clear", "icon": "clear-day", "stations": ["72456513920", "KFOE", "72450803997", "F7360", "KTOP", "72456013996", "KLWC"], "source": "obs"}, {"datetime": "09:00:00", "datetimeEpoch": 1673708400, "temp": -2.8, "feelslike": -8.4, "humidity": 88.77, "dew": -4.4, "precip": 0.0, "precipprob": 0.0, "snow": 0.0, "snowdepth": 1.1, "preciptype": ["freezingrain"], "windgust": 35.3, "windspeed": 18.3, "winddir": 160.0, "pressure": 1022.4, "visibility": 11.1, "cloudcover": 0.0, "solarradiation": 73.0, "solarenergy": 0.3, "uvindex": 1.0, "severerisk": 10.0, "conditions": "Clear", "icon": "clear-day", "stations": ["72456513920", "KFOE", "72450803997", "F7360", "KTOP", "72456013996", "KLWC"], "source": "obs"}, {"datetime": "10:00:00", "datetimeEpoch": 1673712000, "temp": -1.1, "feelslike": -7.0, "humidity": 81.64, "dew": -3.9, "precip": 0.0, "precipprob": 0.0, "snow": 0.0, "snowdepth": 1.0, "preciptype": ["freezingrain"], "windgust": 40.7, "windspeed": 22.2, "winddir": 170.0, "pressure": 1022.0, "visibility": 16.0, "cloudcover": 0.0, "solarradiation": 199.0, "solarenergy": 0.7, "uvindex": 2.0, "severerisk": 10.0, "conditions": "Clear", "icon": "clear-day", "stations": ["72456513920", "KFOE", "72450803997", "F7360", "KTOP", "72456013996", "KLWC"], "source": "obs"}, {"datetime": "11:00:00", "datetimeEpoch": 1673715600, "temp": 2.2, "feelslike": -3.3, "humidity": 66.83, "dew": -3.3, "precip": 0.0, "precipprob": 0.0, "snow": 0.0, "snowdepth": 0.6, "preciptype": ["rain"], "windgust": 33.5, "windspeed": 27.6, "winddir": 170.0, "pressure": 1021.1, "visibility": 16.0, "cloudcover": 0.0, "solarradiation": 329.0, "solarenergy": 1.2, "uvindex": 3.0, "severerisk": 10.0, "conditions": "Clear", "icon": "clear-day", "stations": ["72456513920", "KFOE", "72450803997", "F7360", "KTOP", "72456013996", "KLWC"], "source": "obs"}, {"datetime": "12:00:00", "datetimeEpoch": 1673719200, "temp": 5.0, "feelslike": 0.2, "humidity": 56.99, "dew": -2.8, "precip": 0.0, "precipprob": 0.0, "snow": 0.0, "snowdepth": 0.0, "preciptype": ["rain"], "windgust": 44.4, "windspeed": 29.2, "winddir": 170.0, "pressure": 1019.6, "visibility": 16.0, "cloudcover": 0.0, "solarradiation": 286.0, "solarenergy": 1.0, "uvindex": 3.0, "severerisk": 10.0, "conditions": "Clear", "icon": "clear-day", "stations": ["72456513920", "KFOE", "72450803997", "F7360", "KTOP", "72456013996", "KLWC"], "source": "obs"}, {"datetime": "13:00:00", "datetimeEpoch": 1673722800, "temp": 6.7, "feelslike": 2.9, "humidity": 55.05, "dew": -1.7, "precip": 0.0, "precipprob": 0.0, "snow": 0.0, "snowdepth": 0.0, "preciptype": ["rain"], "windgust": 44.9, "windspeed": 24.0, "winddir": 170.0, "pressure": 1018.0, "visibility": 16.0, "cloudcover": 0.0, "solarradiation": 246.0, "solarenergy": 0.9, "uvindex": 2.0, "severerisk": 10.0, "conditions": "Clear", "icon": "clear-day", "stations": ["72456513920", "KFOE", "72450803997", "F7360", "KTOP", "72456013996", "KLWC"], "source": "obs"}, {"datetime": "14:00:00", "datetimeEpoch": 1673726400, "temp": 8.4, "feelslike": 4.6, "humidity": 49.31, "dew": -1.7, "precip": 0.0, "precipprob": 0.0, "snow": 0.0, "snowdepth": 0.0, "preciptype": ["rain"], "windgust": 42.5, "windspeed": 27.5, "winddir": 160.0, "pressure": 1016.5, "visibility": 16.0, "cloudcover": 0.0, "solarradiation": 235.0, "solarenergy": 0.8, "uvindex": 2.0, "severerisk": 10.0, "conditions": "Clear", "icon": "clear-day", "stations": ["72456513920", "KFOE", "72450803997", "F7360", "KTOP", "72456013996", "KLWC"], "source": "obs"}, {"datetime": "15:00:00", "datetimeEpoch": 1673730000, "temp": 8.9, "feelslike": 5.2, "humidity": 49.4, "dew": -1.2, "precip": 0.0, "precipprob": 0.0, "snow": 0.0, "snowdepth": 0.0, "preciptype": ["rain"], "windgust": 38.9, "windspeed": 29.4, "winddir": 160.0, "pressure": 1015.5, "visibility": 16.0, "cloudcover": 0.0, "solarradiation": 141.0, "solarenergy": 0.5, "uvindex": 1.0, "severerisk": 10.0, "conditions": "Clear", "icon": "clear-day", "stations": ["72456513920", "KFOE", "72450803997", "F7360", "KTOP", "72456013996", "KLWC"], "source": "obs"}, {"datetime": "16:00:00", "datetimeEpoch": 1673733600, "temp": 8.4, "feelslike": 4.9, "humidity": 51.17, "dew": -1.2, "precip": 0.0, "precipprob": 0.0, "snow": 0.0, "snowdepth": 0.0, "preciptype": ["rain"], "windgust": 37.1, "windspeed": 24.1, "winddir": 150.0, "pressure": 1015.7, "visibility": 16.0, "cloudcover": 0.0, "solarradiation": 61.0, "solarenergy": 0.2, "uvindex": 1.0, "severerisk": 10.0, "conditions": "Clear", "icon": "clear-day", "stations": ["72456513920", "KFOE", "72450803997", "F7360", "KTOP", "72456013996", "KLWC"], "source": "obs"}, {"datetime": "17:00:00", "datetimeEpoch": 1673737200, "temp": 7.2, "feelslike": 3.8, "humidity": 57.36, "dew": -0.7, "precip": 0.0, "precipprob": 0.0, "snow": 0.0, "snowdepth": 0.0, "preciptype": ["rain"], "windgust": 42.5, "windspeed": 20.6, "winddir": 140.0, "pressure": 1015.1, "visibility": 16.0, "cloudcover": 0.0, "solarradiation": 8.0, "solarenergy": 0.0, "uvindex": 0.0, "severerisk": 10.0, "conditions": "Clear", "icon": "clear-day", "stations": ["72456513920", "KFOE", "72450803997", "F7360", "KTOP", "72456013996", "KLWC"], "source": "obs"}, {"datetime": "18:00:00", "datetimeEpoch": 1673740800, "temp": 6.2, "feelslike": 2.1, "humidity": 61.62, "dew": -0.7, "precip": 0.0, "precipprob": 0.0, "snow": 0.0, "snowdepth": 0.0, "preciptype": ["rain"], "windgust": 35.3, "windspeed": 24.0, "winddir": 150.0, "pressure": 1014.5, "visibility": 16.0, "cloudcover": 0.0, "solarradiation": 3.0, "solarenergy": 0.0, "uvindex": 0.0, "severerisk": 10.0, "conditions": "Clear", "icon": "clear-night", "stations": ["72456513920", "KFOE", "72450803997", "F7360", "KTOP", "72456013996", "KLWC"], "source": "obs"}, {"datetime": "19:00:00", "datetimeEpoch": 1673744400, "temp": 6.2, "feelslike": 2.3, "humidity": 59.48, "dew": -1.2, "precip": 0.0, "precipprob": 0.0, "snow": 0.0, "snowdepth": 0.0, "preciptype": ["rain"], "windgust": 35.3, "windspeed": 22.2, "winddir": 140.0, "pressure": 1013.7, "visibility": 16.0, "cloudcover": 0.0, "solarradiation": 0.0, "solarenergy": null, "uvindex": 0.0, "severerisk": 10.0, "conditions": "Clear", "icon": "clear-night", "stations": ["72456513920", "KFOE", "72450803997", "KTOP", "72456013996", "KLWC"], "source": "obs"}, {"datetime": "20:00:00", "datetimeEpoch": 1673748000, "temp": 5.7, "feelslike": 1.5, "humidity": 61.52, "dew": -1.2, "precip": 0.0, "precipprob": 0.0, "snow": 0.0, "snowdepth": 0.0, "preciptype": ["rain"], "windgust": 44.3, "windspeed": 23.8, "winddir": 150.0, "pressure": 1013.8, "visibility": 16.0, "cloudcover": 0.0, "solarradiation": 0.0, "solarenergy": null, "uvindex": 0.0, "severerisk": 10.0, "conditions": "Clear", "icon": "clear-night", "stations": ["72456513920", "KFOE", "72450803997", "KTOP", "72456013996", "KLWC"], "source": "obs"}, {"datetime": "21:00:00", "datetimeEpoch": 1673751600, "temp": 5.0, "feelslike": 1.3, "humidity": 64.38, "dew": -1.2, "precip": 0.0, "precipprob": 0.0, "snow": 0.0, "snowdepth": 0.0, "preciptype": ["rain"], "windgust": 44.3, "windspeed": 18.2, "winddir": 169.0, "pressure": 1014.3, "visibility": 16.0, "cloudcover": 0.0, "solarradiation": 0.0, "solarenergy": null, "uvindex": 0.0, "severerisk": 10.0, "conditions": "Clear", "icon": "clear-night", "stations": ["72456513920", "KFOE", "72450803997", "KTOP", "72456013996", "KLWC"], "source": "obs"}, {"datetime": "22:00:00", "datetimeEpoch": 1673755200, "temp": 5.0, "feelslike": 0.7, "humidity": 64.37, "dew": -1.2, "precip": 0.0, "precipprob": 0.0, "snow": 0.0, "snowdepth": 0.0, "preciptype": ["rain"], "windgust": 42.5, "windspeed": 23.9, "winddir": 160.0, "pressure": 1013.5, "visibility": 16.0, "cloudcover": 0.0, "solarradiation": 0.0, "solarenergy": null, "uvindex": 0.0, "severerisk": 10.0, "conditions": "Clear", "icon": "clear-night", "stations": ["72456513920", "KFOE", "72450803997", "KTOP", "72456013996", "KLWC"], "source": "obs"}, {"datetime": "23:00:00", "datetimeEpoch": 1673758800, "temp": 5.0, "feelslike": 0.1, "humidity": 64.31, "dew": -1.2, "precip": 0.0, "precipprob": 0.0, "snow": 0.0, "snowdepth": 0.0, "preciptype": ["rain"], "windgust": 50.0, "windspeed": 29.3, "winddir": 150.0, "pressure": 1012.6, "visibility": 16.0, "cloudcover": 0.0, "solarradiation": 0.0, "solarenergy": null, "uvindex": 0.0, "severerisk": 10.0, "conditions": "Clear", "icon": "clear-night", "stations": ["72456513920", "KFOE", "72450803997", "KTOP", "72456013996", "KLWC"], "source": "obs"}]}], "stations": {"72456513920": {"distance": 2579.0, "latitude": 38.95, "longitude": -95.664, "useCount": 0, "id": "72456513920", "name": "TOPEKA FORBES FIELD, KS US", "quality": 99, "contribution": 0.0}, "KFOE": {"distance": 2357.0, "latitude": 38.95, "longitude": -95.67, "useCount": 0, "id": "KFOE", "name": "KFOE", "quality": 98, "contribution": 0.0}, "KUNK1": {"distance": 44178.0, "latitude": 39.051, "longitude": -95.191, "useCount": 0, "id": "KUNK1", "name": "KU-NESA KS US SCAN", "quality": 0, "contribution": 0.0}, "72450803997": {"distance": 41231.0, "latitude": 39.008, "longitude": -95.212, "useCount": 0, "id": "72450803997", "name": "LAWRENCE ASOS, KS US", "quality": 100, "contribution": 0.0}, "F7360": {"distance": 27193.0, "latitude": 39.17, "longitude": -95.624, "useCount": 0, "id": "F7360", "name": "FW7360 Topeka KS US", "quality": 0, "contribution": 0.0}, "KTOP": {"distance": 16396.0, "latitude": 39.07, "longitude": -95.62, "useCount": 0, "id": "KTOP", "name": "KTOP", "quality": 100, "contribution": 0.0}, "AV314": {"distance": 63765.0, "latitude": 38.966, "longitude": -94.942, "useCount": 0, "id": "AV314", "name": "W0QQ De Soto KS US", "quality": 0, "contribution": 0.0}, "72456013996": {"distance": 16512.0, "latitude": 39.073, "longitude": -95.626, "useCount": 0, "id": "72456013996", "name": "TOPEKA ASOS, KS US", "quality": 100, "contribution": 0.0}, "KLWC": {"distance": 40573.0, "latitude": 39.01, "longitude": -95.22, "useCount": 0, "id": "KLWC", "name": "KLWC", "quality": 100, "contribution": 0.0}}, "beginTime": 1673362800.0, "endTime": 1673708400.0}