{
  "type": "FeatureCollection",
  "features": [
    {
      "type": "Feature",
      "geometry": {
        "type": "Point",
        "coordinates": [-95.676713, 38.926558]
      },
      "properties": {
        "name": "S0",
        "next": "S1",
        "elevation": 1078.38
      }
    },
    {
      "type": "Feature",
      "geometry": {
        "type": "Point",
        "coordinates": [-95.6766, 38.925891]
      },
      "properties": {
        "name": "S1",
        "next": "S2",
        "elevation": 1077.56
      }
    },
    {
      "type": "Feature",
      "geometry": {
        "type": "Point",
        "coordinates": [-95.676432, 38.925537]
      },
      "properties": {
        "name": "S2",
        "next": "S3",
        "elevation": 1077.46
      }
    },
    {
      "type": "Feature",
      "geometry": {
        "type": "Point",
        "coordinates": [-95.675674, 38.923884]
      },
      "properties": {
        "name": "S3",
        "next": "S4",
        "elevation": 1080.4
      }
    },
    {
      "type": "Feature",
      "geometry": {
        "type": "Point",
        "coordinates": [-95.675711, 38.922475]
      },
      "properties": {
        "name": "S4",
        "next": "S5",
        "elevation": 1068.52
      }
    },
    {
      "type": "Feature",
      "geometry": {
        "type": "Point",
        "coordinates": [-95.675679, 38.921867]
      },
      "properties": {
        "name": "S5",
        "next": "S6",
        "elevation": 1068.84
      }
    },
    {
      "type": "Feature",
      "geometry": {
        "type": "Point",
        "coordinates": [-95.675503, 38.921561]
      },
      "properties": {
        "name": "S6",
        "next": "S7",
        "elevation": 1070.31
      }
    },
    {
      "type": "Feature",
      "geometry": {
        "type": "Point",
        "coordinates": [-95.674947, 38.921431]
      },
      "properties": {
        "name": "S7",
        "next": "S8",
        "elevation": 1073.6
      }
    },
    {
      "type": "Feature",
      "geometry": {
        "type": "Point",
        "coordinates": [-95.674296, 38.921549]
      },
      "properties": {
        "name": "S8",
        "next": "S9",
        "elevation": 1077.37
      }
    },
    {
      "type": "Feature",
      "geometry": {
        "type": "Point",
        "coordinates": [-95.673126, 38.921845]
      },
      "properties": {
        "name": "S9",
        "next": "S10",
        "elevation": 1081.42
      }
    },
    {
      "type": "Feature",
      "geometry": {
        "type": "Point",
        "coordinates": [-95.671257, 38.92248]
      },
      "properties": {
        "name": "S10",
        "next": "S11",
        "elevation": 1087.35
      }
    },
    {
      "type": "Feature",
      "geometry": {
        "type": "Point",
        "coordinates": [-95.671025, 38.922646]
      },
      "properties": {
        "name": "S11",
        "next": "S12",
        "elevation": 1087.63
      }
    },
    {
      "type": "Feature",
      "geometry": {
        "type": "Point",
        "coordinates": [-95.670824, 38.922944]
      },
      "properties": {
        "name": "S12",
        "next": "S13",
        "elevation": 1088.84
      }
    },
    {
      "type": "Feature",
      "geometry": {
        "type": "Point",
        "coordinates": [-95.671038, 38.924769]
      },
      "properties": {
        "name": "S13",
        "next": "S14",
        "elevation": 1090.73
      }
    },
    {
      "type": "Feature",
      "geometry": {
        "type": "Point",
        "coordinates": [-95.671094, 38.924939]
      },
      "properties": {
        "name": "S14",
        "next": "S15",
        "elevation": 1091.56
      }
    },
    {
      "type": "Feature",
      "geometry": {
        "type": "Point",
        "coordinates": [-95.671251, 38.925011]
      },
      "properties": {
        "name": "S15",
        "next": "S16",
        "elevation": 1091.62
      }
    },
    {
      "type": "Feature",
      "geometry": {
        "type": "Point",
        "coordinates": [-95.671571, 38.925051]
      },
      "properties": {
        "name": "S16",
        "next": "S17",
        "elevation": 1091.88
      }
    },
    {
      "type": "Feature",
      "geometry": {
        "type": "Point",
        "coordinates": [-95.671749, 38.925174]
      },
      "properties": {
        "name": "S17",
        "next": "S18",
        "elevation": 1092.06
      }
    },
    {
      "type": "Feature",
      "geometry": {
        "type": "Point",
        "coordinates": [-95.671891, 38.925324]
      },
      "properties": {
        "name": "S18",
        "next": "S19",
        "elevation": 1092.27
      }
    },
    {
      "type": "Feature",
      "geometry": {
        "type": "Point",
        "coordinates": [-95.671924, 38.925633]
      },
      "properties": {
        "name": "S19",
        "next": "S20",
        "elevation": 1091.7
      }
    },
    {
      "type": "Feature",
      "geometry": {
        "type": "Point",
        "coordinates": [-95.671876, 38.925849]
      },
      "properties": {
        "name": "S20",
        "next": "S21",
        "elevation": 1091.66
      }
    },
    {
      "type": "Feature",
      "geometry": {
        "type": "Point",
        "coordinates": [-95.67164, 38.926184]
      },
      "properties": {
        "name": "S21",
        "next": "S22",
        "elevation": 1091
      }
    },
    {
      "type": "Feature",
      "geometry": {
        "type": "Point",
        "coordinates": [-95.671448, 38.926654]
      },
      "properties": {
        "name": "S22",
        "next": "S23",
        "elevation": 1089.38
      }
    },
    {
      "type": "Feature",
      "geometry": {
        "type": "Point",
        "coordinates": [-95.671501, 38.92704]
      },
      "properties": {
        "name": "S23",
        "next": "S24",
        "elevation": 1088.19
      }
    },
    {
      "type": "Feature",
      "geometry": {
        "type": "Point",
        "coordinates": [-95.672385, 38.929717]
      },
      "properties": {
        "name": "S24",
        "next": "S25",
        "elevation": 1090
      }
    },
    {
      "type": "Feature",
      "geometry": {
        "type": "Point",
        "coordinates": [-95.672548, 38.929876]
      },
      "properties": {
        "name": "S25",
        "next": "S26",
        "elevation": 1088.33
      }
    },
    {
      "type": "Feature",
      "geometry": {
        "type": "Point",
        "coordinates": [-95.672841, 38.929945]
      },
      "properties": {
        "name": "S26",
        "next": "S27",
        "elevation": 1087.18
      }
    },
    {
      "type": "Feature",
      "geometry": {
        "type": "Point",
        "coordinates": [-95.673933, 38.930095]
      },
      "properties": {
        "name": "S27",
        "next": "S28",
        "elevation": 1088.46
      }
    },
    {
      "type": "Feature",
      "geometry": {
        "type": "Point",
        "coordinates": [-95.674168, 38.930207]
      },
      "properties": {
        "name": "S28",
        "next": "S29",
        "elevation": 1090
      }
    },
    {
      "type": "Feature",
      "geometry": {
        "type": "Point",
        "coordinates": [-95.674535, 38.930813]
      },
      "properties": {
        "name": "S29",
        "next": "S30",
        "elevation": 1091.03
      }
    },
    {
      "type": "Feature",
      "geometry": {
        "type": "Point",
        "coordinates": [-95.674774, 38.930924]
      },
      "properties": {
        "name": "S30",
        "next": "S31",
        "elevation": 1090.16
      }
    },
    {
      "type": "Feature",
      "geometry": {
        "type": "Point",
        "coordinates": [-95.675094, 38.930899]
      },
      "properties": {
        "name": "S31",
        "next": "S32",
        "elevation": 1088.32
      }
    },
    {
      "type": "Feature",
      "geometry": {
        "type": "Point",
        "coordinates": [-95.675372, 38.930761]
      },
      "properties": {
        "name": "S32",
        "next": "S33",
        "elevation": 1086.69
      }
    },
    {
      "type": "Feature",
      "geometry": {
        "type": "Point",
        "coordinates": [-95.675813, 38.930207]
      },
      "properties": {
        "name": "S33",
        "next": "S34",
        "elevation": 1079.57
      }
    },
    {
      "type": "Feature",
      "geometry": {
        "type": "Point",
        "coordinates": [-95.676029, 38.930058]
      },
      "properties": {
        "name": "S34",
        "next": "S35",
        "elevation": 1077.81
      }
    },
    {
      "type": "Feature",
      "geometry": {
        "type": "Point",
        "coordinates": [-95.676278, 38.930064]
      },
      "properties": {
        "name": "S35",
        "next": "S36",
        "elevation": 1077.21
      }
    },
    {
      "type": "Feature",
      "geometry": {
        "type": "Point",
        "coordinates": [-95.676863, 38.930397]
      },
      "properties": {
        "name": "S36",
        "next": "S37",
        "elevation": 1077.74
      }
    },
    {
      "type": "Feature",
      "geometry": {
        "type": "Point",
        "coordinates": [-95.677113, 38.930374]
      },
      "properties": {
        "name": "S37",
        "next": "S38",
        "elevation": 1078.01
      }
    },
    {
      "type": "Feature",
      "geometry": {
        "type": "Point",
        "coordinates": [-95.677262, 38.930163]
      },
      "properties": {
        "name": "S38",
        "next": "S39",
        "elevation": 1078.23
      }
    },
    {
      "type": "Feature",
      "geometry": {
        "type": "Point",
        "coordinates": [-95.677242, 38.92959]
      },
      "properties": {
        "name": "S39",
        "next": "S0",
        "elevation": 1080.05
      }
    }
  ]
}
